id,happiness
8001,3.744951359
8002,3.036566089
8003,3.317758604
8004,4.313332302
8005,3.349872203
8006,4.370600003
8007,3.961540945
8008,4.507292244
8009,4.061956079
8010,2.863939705
8011,3.214241156
8012,3.667811247
8013,4.053081125
8014,3.653211114
8015,3.586670686
8016,4.534615725
8017,3.629100653
8018,4.29748039
8019,3.931288053
8020,3.901010435
8021,4.128196159
8022,3.798694792
8023,3.95951794
8024,3.735756782
8025,3.328773608
8026,4.013349722
8027,4.168270304
8028,4.042595856
8029,4.368085498
8030,4.320941749
8031,3.929580516
8032,4.117476195
8033,4.097028266
8034,3.439475618
8035,3.613918221
8036,4.621453402
8037,4.039067354
8038,4.157538372
8039,3.517285024
8040,4.173854029
8041,4.267231897
8042,3.770443268
8043,3.800347656
8044,3.83149987
8045,4.292922021
8046,3.962412293
8047,4.241897366
8048,4.039037636
8049,3.929740607
8050,4.493339895
8051,3.833936833
8052,4.195450645
8053,2.961503273
8054,3.966448137
8055,4.284527376
8056,2.921585217
8057,3.865762543
8058,3.281929281
8059,3.108390027
8060,4.159109201
8061,2.972298345
8062,3.583676841
8063,4.103355988
8064,4.114845504
8065,4.10610647
8066,4.060744055
8067,4.012906802
8068,4.009270311
8069,3.464492733
8070,4.111598314
8071,3.994827294
8072,4.478894837
8073,3.681830341
8074,3.861233424
8075,3.176106026
8076,3.809795358
8077,3.457702347
8078,3.797803494
8079,4.630553614
8080,3.993924386
8081,3.994472369
8082,3.926874474
8083,4.485646346
8084,4.365718783
8085,4.515379163
8086,4.13816212
8087,3.989740082
8088,4.220914959
8089,3.548067231
8090,3.779834929
8091,4.154299529
8092,3.942881929
8093,4.111641963
8094,4.088090509
8095,4.605790938
8096,3.354158616
8097,4.334514615
8098,3.984366936
8099,3.637970435
8100,4.140606703
8101,4.280065069
8102,4.215028391
8103,3.583892851
8104,4.60038169
8105,4.081720672
8106,4.09141231
8107,4.27727051
8108,4.132484225
8109,3.826349723
8110,3.550235769
8111,4.223082783
8112,3.646139655
8113,3.906464939
8114,4.597003716
8115,4.098345601
8116,3.960979394
8117,3.69234535
8118,3.68770676
8119,3.91519517
8120,4.594340516
8121,2.859777879
8122,4.236676036
8123,3.704702545
8124,3.691483807
8125,4.140843673
8126,4.576638892
8127,1.889336603
8128,3.959749998
8129,3.812401104
8130,3.862155415
8131,3.891774314
8132,4.243286166
8133,4.283212669
8134,4.277076183
8135,4.132888561
8136,4.399547324
8137,4.124906505
8138,3.411535535
8139,3.943272262
8140,3.173095117
8141,3.999915037
8142,3.918428175
8143,4.412346035
8144,3.730749789
8145,4.167238847
8146,2.227303754
8147,4.052225095
8148,2.775465173
8149,3.532130666
8150,3.885264539
8151,2.601319609
8152,4.070448374
8153,3.743621642
8154,3.71589261
8155,3.842143519
8156,3.706059462
8157,3.69120512
8158,3.356602454
8159,4.089755362
8160,3.976972385
8161,3.517107142
8162,3.942889791
8163,3.940645754
8164,3.902995875
8165,4.118046434
8166,4.289791105
8167,3.750127166
8168,3.023255929
8169,3.183871325
8170,3.889570184
8171,4.016838258
8172,4.008026071
8173,3.846309429
8174,3.727134678
8175,3.737231521
8176,4.262978742
8177,2.301276544
8178,4.373167528
8179,4.280939453
8180,3.314359838
8181,3.703527506
8182,4.07502025
8183,3.759302017
8184,3.740036774
8185,3.400133364
8186,3.481003546
8187,4.146161136
8188,3.879237883
8189,3.995107906
8190,4.081838156
8191,3.803570198
8192,4.070036362
8193,3.956506413
8194,4.074722262
8195,4.509309034
8196,3.201476448
8197,3.941525052
8198,4.061220449
8199,4.163811516
8200,4.877890297
8201,3.306231831
8202,4.284157381
8203,3.881278
8204,4.060366365
8205,4.189745736
8206,3.905052578
8207,3.919139934
8208,3.998706257
8209,3.892236975
8210,3.606209905
8211,3.658108424
8212,4.204038751
8213,4.457782591
8214,4.142034883
8215,3.655213326
8216,3.973695976
8217,3.475548166
8218,3.663481752
8219,3.829586403
8220,4.093137939
8221,4.513457943
8222,3.719476064
8223,2.995311263
8224,3.841645067
8225,4.090966605
8226,3.959924873
8227,4.352012646
8228,3.317142238
8229,4.105714119
8230,3.180966137
8231,3.939739243
8232,3.809037345
8233,3.947830366
8234,3.837779188
8235,3.825712356
8236,2.998183776
8237,3.644927805
8238,3.868848448
8239,3.594759506
8240,3.071809694
8241,3.315063408
8242,3.835805079
8243,4.439048369
8244,4.024341158
8245,3.522783614
8246,4.079978903
8247,3.972028078
8248,4.041901142
8249,4.424049251
8250,3.737471815
8251,4.384348417
8252,4.394898216
8253,3.879442209
8254,3.779083632
8255,3.589121495
8256,3.398317558
8257,3.981642273
8258,2.894136098
8259,4.332769129
8260,4.005736777
8261,4.303744501
8262,3.814431244
8263,4.026851172
8264,3.972695077
8265,4.275032806
8266,3.159566057
8267,3.694230494
8268,3.982514662
8269,3.668595219
8270,3.720320242
8271,3.041763307
8272,4.058705169
8273,3.923993516
8274,3.66025407
8275,4.187877735
8276,4.162668496
8277,4.060185722
8278,3.752384283
8279,4.330260004
8280,4.248092447
8281,4.110399211
8282,4.087792413
8283,4.005709515
8284,4.273247123
8285,3.948811298
8286,2.170275849
8287,4.43368815
8288,3.905851747
8289,4.074352998
8290,4.213947028
8291,4.157025255
8292,4.160272509
8293,3.704450099
8294,4.426559117
8295,3.348995253
8296,4.125748228
8297,3.504588383
8298,4.64226662
8299,2.683450786
8300,3.26990198
8301,3.957125071
8302,4.288350128
8303,3.909084018
8304,4.029917174
8305,3.950222871
8306,4.742014153
8307,4.128952031
8308,4.374767618
8309,3.846582646
8310,3.774041469
8311,4.221007
8312,4.612142454
8313,4.18022922
8314,3.282596962
8315,4.190873981
8316,4.036890009
8317,3.890750989
8318,4.093188892
8319,3.264428961
8320,3.954057193
8321,4.254313889
8322,4.33509281
8323,3.618941913
8324,3.628610282
8325,4.121271713
8326,4.343751095
8327,3.701387387
8328,4.04922269
8329,3.162340384
8330,4.330015264
8331,4.290776553
8332,3.982169127
8333,3.547951397
8334,4.089480198
8335,3.540957675
8336,4.052572731
8337,3.464245479
8338,4.228115381
8339,3.827741719
8340,3.382172147
8341,4.138635546
8342,3.982949489
8343,3.037623451
8344,4.228176831
8345,3.922147094
8346,3.35697416
8347,3.100635039
8348,3.901821139
8349,4.142282622
8350,3.548359466
8351,4.011461212
8352,3.584659614
8353,3.426590239
8354,4.058742527
8355,3.581064992
8356,4.335852349
8357,3.726962842
8358,3.924467544
8359,3.692557868
8360,4.005534531
8361,3.888501424
8362,4.042766563
8363,3.539057918
8364,3.571246458
8365,3.763423395
8366,3.774919801
8367,4.059620544
8368,4.18965908
8369,3.549908634
8370,3.279216149
8371,4.093389603
8372,3.665595796
8373,2.110795167
8374,3.02024083
8375,4.258820699
8376,4.686062938
8377,4.012439706
8378,4.065258239
8379,4.302883679
8380,3.277589569
8381,4.468599907
8382,3.715167094
8383,4.336838991
8384,3.384165064
8385,3.883999148
8386,4.336552881
8387,4.064882921
8388,3.98079947
8389,3.416516282
8390,4.217594122
8391,3.617259796
8392,3.387520239
8393,4.085728431
8394,4.190794459
8395,4.208196513
8396,3.822729645
8397,3.923968936
8398,3.415512019
8399,4.166505663
8400,4.206249997
8401,4.766482089
8402,3.748804588
8403,4.466828621
8404,3.973922495
8405,4.464273898
8406,4.296643926
8407,3.838279342
8408,4.668764239
8409,4.192878634
8410,3.876321949
8411,4.076680323
8412,3.58074895
8413,4.126162099
8414,4.159633318
8415,3.503999524
8416,4.024660569
8417,4.049288746
8418,4.566478403
8419,3.841809166
8420,3.722046506
8421,4.115830782
8422,3.691671008
8423,4.146269469
8424,3.193780184
8425,4.016310761
8426,4.054271588
8427,3.757319688
8428,4.340924628
8429,3.728768794
8430,4.316788675
8431,4.091306419
8432,4.182614194
8433,4.038060882
8434,4.15273303
8435,3.990584008
8436,3.669192786
8437,4.032578486
8438,3.903976863
8439,3.441982373
8440,3.157616963
8441,4.159903469
8442,3.984682392
8443,4.163053639
8444,3.930865003
8445,3.571799427
8446,3.616729945
8447,3.576122796
8448,3.324263651
8449,3.532008464
8450,3.428590339
8451,2.816053722
8452,3.07293742
8453,4.195332272
8454,4.027487522
8455,3.59416577
8456,3.904159633
8457,3.869245468
8458,4.072754957
8459,4.276603727
8460,3.740234607
8461,3.79377123
8462,3.496265574
8463,4.182769126
8464,4.066207961
8465,3.72139424
8466,4.633334762
8467,2.613692679
8468,3.267068429
8469,4.228604746
8470,3.705898592
8471,4.033416581
8472,4.277160931
8473,4.047917242
8474,4.050645114
8475,3.783095355
8476,4.180443914
8477,4.188425574
8478,3.843390106
8479,4.041116354
8480,3.285168935
8481,4.06627081
8482,3.547590569
8483,3.516735516
8484,4.245312257
8485,3.976948911
8486,4.838091101
8487,4.147284528
8488,4.092221288
8489,4.608048145
8490,4.164978904
8491,4.373862082
8492,4.311737911
8493,4.382491151
8494,3.537411539
8495,4.133756434
8496,4.562344517
8497,2.61649097
8498,3.449777942
8499,4.199605451
8500,3.743053694
8501,4.221090582
8502,2.928738366
8503,4.126962181
8504,3.618398763
8505,2.781292699
8506,4.1582009
8507,4.039200109
8508,3.291042004
8509,4.500635387
8510,3.853956067
8511,3.873170145
8512,4.221668029
8513,3.731945593
8514,4.302910251
8515,3.754434803
8516,3.364881386
8517,3.662128919
8518,3.025936332
8519,4.376474785
8520,4.314666996
8521,3.735357238
8522,3.039663319
8523,3.636014903
8524,3.64545024
8525,3.867540982
8526,4.744746314
8527,3.668697874
8528,3.469307111
8529,3.703864654
8530,4.247599958
8531,4.23624754
8532,4.014345306
8533,3.943277064
8534,4.210051422
8535,4.115803659
8536,3.648768497
8537,3.65239348
8538,4.137574864
8539,4.109094734
8540,4.03692323
8541,4.138771445
8542,3.35073883
8543,3.507799343
8544,3.988087781
8545,4.019384646
8546,3.982258332
8547,3.883689681
8548,4.314281237
8549,3.148938643
8550,3.887410052
8551,4.09209351
8552,4.253976202
8553,4.356353427
8554,3.641402491
8555,4.622767105
8556,3.895986612
8557,3.895495672
8558,3.60255755
8559,3.870131375
8560,2.876443262
8561,4.03396975
8562,4.359299393
8563,3.486883585
8564,4.225644402
8565,4.16496839
8566,4.269360045
8567,4.255124269
8568,3.502549708
8569,2.214460394
8570,4.043665076
8571,4.083181062
8572,2.873510489
8573,1.784688867
8574,3.736363343
8575,4.027797899
8576,3.811260809
8577,3.660825342
8578,3.801496606
8579,4.063134061
8580,4.476373461
8581,4.208966983
8582,3.818768121
8583,4.478576463
8584,3.849967592
8585,3.893875634
8586,4.278417463
8587,3.872059871
8588,4.787053038
8589,4.503656914
8590,4.015878197
8591,4.248519685
8592,4.037354366
8593,3.915647907
8594,3.763664474
8595,2.984740805
8596,4.184388485
8597,3.891134658
8598,3.761502681
8599,3.687755075
8600,3.976163856
8601,2.964141017
8602,2.980460921
8603,3.636806627
8604,3.627463941
8605,3.500585108
8606,4.018979702
8607,3.906784423
8608,3.841499088
8609,4.291291358
8610,3.040892242
8611,4.515846403
8612,3.631961303
8613,3.779601332
8614,3.736473459
8615,4.467837107
8616,4.392380359
8617,3.789306854
8618,3.859197866
8619,4.457147117
8620,4.369335623
8621,2.332481818
8622,4.270432174
8623,4.755684337
8624,3.164330555
8625,2.699705874
8626,4.237236037
8627,4.207286068
8628,4.361004418
8629,4.056527468
8630,4.030335456
8631,3.734623683
8632,2.901001101
8633,3.819730151
8634,3.84396286
8635,3.317616968
8636,3.591078387
8637,3.555149567
8638,4.167192038
8639,3.079426786
8640,3.195137543
8641,4.333122224
8642,2.682002312
8643,3.859646169
8644,4.367057616
8645,3.323899306
8646,3.463482842
8647,3.533619372
8648,4.109837268
8649,4.600182293
8650,3.45848493
8651,4.241912905
8652,2.731310203
8653,4.090232544
8654,4.401245471
8655,3.355272529
8656,3.851819835
8657,4.283099222
8658,2.768142817
8659,3.117399695
8660,4.03874587
8661,4.059197919
8662,4.238198486
8663,4.448768431
8664,3.303532817
8665,4.005937779
8666,4.076798538
8667,4.497926999
8668,3.950108194
8669,3.618125194
8670,3.918704107
8671,3.554296887
8672,3.925880207
8673,3.123309891
8674,4.428877139
8675,3.427371609
8676,4.239453253
8677,3.776314326
8678,3.969438325
8679,3.812320214
8680,2.921038954
8681,3.66335503
8682,3.991758309
8683,3.920587437
8684,4.26536422
8685,3.792830504
8686,4.045855767
8687,4.1813259
8688,4.281982126
8689,4.171491883
8690,4.064988059
8691,4.094360128
8692,4.240548168
8693,3.759467687
8694,3.020198942
8695,3.946458938
8696,4.132504986
8697,4.039108447
8698,3.951001596
8699,3.725895132
8700,4.399680955
8701,4.389034866
8702,3.979276062
8703,4.087334157
8704,3.943031726
8705,3.413591049
8706,3.517543895
8707,4.177559215
8708,4.25808089
8709,3.478707642
8710,4.021394578
8711,3.529300747
8712,4.116257272
8713,4.329822855
8714,3.422801223
8715,4.639687241
8716,3.861916443
8717,4.254226973
8718,3.463586137
8719,4.180993875
8720,3.80560993
8721,3.823479118
8722,3.960158751
8723,3.177944572
8724,4.200362353
8725,3.002243097
8726,3.806490867
8727,3.962994197
8728,3.580550296
8729,4.366153054
8730,3.178258797
8731,4.054108249
8732,4.124143435
8733,4.072590807
8734,3.606510803
8735,3.93365229
8736,3.631767829
8737,4.263414269
8738,4.319438409
8739,4.2434991
8740,3.747070714
8741,3.745618008
8742,3.907622438
8743,4.086181807
8744,3.429560444
8745,3.874764146
8746,4.085563532
8747,3.929372585
8748,5.016838785
8749,4.109415425
8750,4.173809934
8751,4.2058616
8752,3.343687588
8753,4.133242307
8754,3.518355708
8755,4.045166868
8756,2.644167625
8757,4.236070602
8758,4.007056802
8759,4.312249681
8760,3.51130685
8761,3.778897789
8762,1.965743952
8763,3.911241968
8764,3.667658269
8765,3.794350629
8766,4.184982253
8767,3.835536537
8768,3.91940824
8769,3.895286824
8770,3.947592685
8771,4.395771384
8772,4.047620767
8773,4.268684131
8774,3.877263191
8775,3.760701199
8776,4.19557797
8777,4.188310118
8778,3.543091775
8779,3.505305994
8780,3.697547656
8781,3.227977168
8782,4.448343881
8783,4.685455806
8784,4.035279304
8785,4.187473826
8786,3.996517213
8787,3.058600865
8788,3.711505322
8789,3.727294298
8790,3.898434575
8791,2.925530513
8792,3.771386625
8793,3.976387292
8794,4.252545381
8795,4.139024044
8796,4.45151021
8797,2.962168303
8798,3.962814044
8799,4.174473409
8800,3.670147947
8801,3.874142165
8802,3.296814626
8803,3.9564732
8804,3.958396673
8805,3.612216793
8806,3.692669962
8807,3.862103807
8808,4.883006132
8809,3.918814031
8810,4.512062344
8811,2.506584243
8812,4.119672354
8813,4.80392484
8814,3.698533984
8815,4.56810608
8816,3.469623371
8817,3.598500973
8818,3.745312236
8819,3.777998492
8820,2.412467846
8821,4.083789665
8822,3.489784638
8823,4.259728543
8824,3.879029035
8825,3.553711766
8826,3.643229568
8827,3.988300469
8828,3.855520628
8829,3.121094782
8830,3.334733763
8831,4.752216834
8832,3.538086554
8833,4.201071242
8834,3.71504169
8835,3.793161835
8836,3.437740796
8837,3.936122893
8838,3.894283861
8839,3.628262022
8840,4.106246893
8841,4.042647149
8842,4.355497234
8843,4.217078691
8844,3.914576165
8845,4.345393387
8846,4.165035217
8847,3.1222683
8848,3.524762092
8849,2.797522236
8850,2.258879457
8851,4.094438205
8852,3.557443184
8853,4.027586738
8854,3.749008933
8855,3.509254869
8856,3.978850841
8857,3.995404319
8858,3.343056914
8859,3.315329757
8860,3.986942788
8861,3.429707369
8862,3.476463202
8863,4.166370621
8864,3.977231626
8865,4.157183108
8866,4.086125934
8867,3.96390686
8868,4.3864005
8869,3.505955077
8870,3.992255284
8871,3.80668014
8872,4.250545807
8873,3.151364652
8874,3.182224659
8875,3.438324095
8876,3.508121623
8877,4.568540296
8878,4.23950845
8879,4.117790206
8880,4.110140878
8881,4.266330241
8882,3.457967971
8883,3.403682295
8884,3.65775828
8885,3.903281252
8886,2.925596401
8887,3.71038567
8888,4.69097173
8889,3.434531548
8890,4.315229955
8891,3.889095376
8892,3.659940889
8893,3.98703126
8894,3.949977072
8895,4.771029849
8896,4.26439016
8897,4.243400504
8898,3.690249744
8899,4.545547785
8900,3.772934878
8901,4.091614004
8902,3.314623756
8903,3.832494448
8904,4.103495201
8905,3.629707645
8906,3.351030134
8907,4.161447145
8908,3.012859878
8909,4.023379317
8910,4.238305745
8911,4.322657152
8912,4.573428905
8913,4.150817843
8914,4.202851624
8915,4.339307647
8916,3.759390477
8917,3.242732087
8918,4.466025958
8919,4.426726918
8920,3.289813538
8921,3.305656642
8922,4.155202732
8923,3.906287917
8924,3.939742632
8925,3.808059669
8926,4.186534367
8927,4.231951905
8928,3.132351214
8929,4.215067336
8930,4.724386316
8931,3.495038277
8932,4.058526584
8933,3.040963709
8934,4.062340993
8935,3.699398097
8936,3.826433889
8937,3.317855156
8938,3.877465871
8939,4.067842923
8940,3.860270451
8941,3.356938332
8942,4.007025648
8943,3.533072125
8944,3.706039191
8945,3.883336029
8946,4.14677351
8947,3.497581071
8948,4.096531544
8949,3.914647528
8950,3.975643498
8951,2.855100136
8952,4.270231411
8953,3.519620824
8954,3.855461209
8955,3.584617798
8956,3.544078867
8957,4.17438387
8958,4.203765579
8959,4.127129697
8960,4.306725504
8961,3.808728566
8962,4.248124972
8963,3.835553012
8964,4.517774465
8965,4.272311973
8966,4.039321223
8967,4.235534509
8968,3.767462151
8969,4.381343852
8970,4.065479166
8971,3.980707735
8972,3.153031169
8973,3.204900771
8974,4.208516555
8975,3.995199312
8976,4.157864583
8977,4.159611958
8978,3.884151028
8979,4.494026197
8980,3.188178937
8981,4.210567697
8982,3.133278594
8983,4.259030348
8984,3.946902683
8985,4.043860397
8986,4.312574593
8987,3.55223888
8988,4.312319287
8989,4.289726712
8990,3.603011331
8991,4.459338248
8992,4.043877477
8993,3.229238953
8994,3.895000284
8995,4.182470899
8996,3.757607247
8997,3.623404627
8998,3.847695194
8999,4.02063754
9000,3.920921506
9001,4.027381305
9002,4.483242898
9003,4.055260005
9004,2.760144424
9005,4.312824839
9006,4.327943764
9007,3.475871636
9008,3.77530298
9009,3.95011983
9010,4.244739389
9011,4.1414528
9012,3.950106309
9013,3.670600655
9014,3.681677272
9015,3.50436676
9016,4.38622375
9017,4.164953819
9018,3.889273448
9019,3.781599352
9020,3.887051366
9021,4.19820324
9022,4.564174565
9023,2.663609906
9024,3.807793775
9025,3.578432078
9026,4.265776337
9027,3.611003886
9028,4.036113742
9029,3.319280456
9030,3.775651106
9031,4.060550929
9032,4.484320388
9033,3.330828179
9034,4.343099061
9035,4.125303029
9036,3.443248582
9037,4.216048719
9038,4.115690799
9039,2.545111773
9040,3.802058868
9041,3.723090498
9042,3.405916689
9043,3.933040239
9044,3.586120341
9045,3.580659449
9046,3.447782789
9047,2.091695872
9048,4.370206288
9049,4.103576768
9050,4.226179556
9051,3.876942601
9052,3.837721131
9053,4.098275224
9054,2.83009972
9055,3.787951378
9056,3.723181958
9057,4.434838259
9058,4.015323552
9059,3.896988362
9060,4.10968631
9061,3.909069975
9062,3.332033969
9063,3.776015995
9064,4.080159156
9065,3.920425341
9066,3.3765605
9067,3.76000206
9068,3.835315898
9069,3.354770997
9070,4.134640744
9071,3.604768221
9072,4.087388368
9073,4.273056669
9074,3.459413115
9075,2.803325056
9076,3.622213067
9077,4.313519168
9078,3.576585927
9079,4.166490802
9080,3.786112813
9081,4.140290552
9082,3.548713999
9083,4.1037036
9084,4.108530794
9085,4.340996146
9086,3.762619296
9087,4.60911318
9088,3.653267599
9089,4.395288941
9090,3.69800278
9091,3.079661054
9092,3.861446682
9093,3.894512101
9094,3.95474736
9095,4.102374141
9096,4.14655202
9097,3.457070322
9098,3.531670951
9099,3.423460534
9100,4.246044592
9101,4.204003452
9102,4.219993911
9103,4.079179284
9104,3.659887573
9105,3.638209751
9106,3.473882792
9107,3.983724656
9108,4.388693768
9109,4.357778802
9110,3.851153436
9111,4.368286521
9112,3.981317905
9113,4.069818778
9114,4.005455172
9115,3.565473618
9116,3.987737655
9117,4.297258474
9118,4.275842941
9119,4.139862072
9120,4.088062739
9121,3.744626312
9122,4.07973454
9123,3.754507449
9124,3.636674581
9125,3.734252251
9126,3.434231391
9127,4.364606327
9128,3.977186353
9129,3.293488584
9130,2.662020913
9131,4.396296103
9132,3.668412585
9133,3.839970676
9134,3.957228997
9135,3.958531652
9136,4.219577799
9137,3.785101232
9138,3.950695398
9139,3.283277488
9140,5.099361975
9141,3.799465294
9142,4.330492597
9143,3.201715321
9144,4.033085449
9145,4.202763946
9146,4.12937699
9147,2.633090506
9148,3.457371559
9149,4.241850834
9150,4.05834412
9151,4.51737734
9152,4.137280361
9153,4.537581688
9154,4.143109096
9155,4.008404868
9156,4.150898063
9157,3.803935312
9158,3.465776625
9159,3.914947179
9160,2.381638205
9161,3.203813702
9162,3.962170019
9163,4.235652626
9164,4.130978403
9165,4.082278905
9166,4.093420343
9167,3.692356068
9168,4.209552617
9169,3.988984223
9170,3.985422795
9171,3.153740198
9172,4.205376223
9173,4.229540251
9174,3.910797871
9175,4.30840656
9176,3.792578749
9177,4.238110786
9178,3.351032827
9179,3.812955835
9180,3.776189368
9181,4.127775149
9182,1.980265699
9183,4.453903448
9184,3.537577175
9185,3.118542269
9186,3.976236207
9187,4.099569379
9188,3.464344637
9189,4.1909844
9190,2.057715644
9191,4.223539395
9192,4.028313398
9193,4.322126425
9194,3.881229917
9195,3.968612272
9196,3.83509822
9197,4.239486705
9198,3.847776279
9199,4.565892643
9200,3.814220845
9201,3.598500018
9202,3.673259521
9203,3.912295347
9204,4.01508191
9205,4.138161446
9206,4.299634107
9207,3.431411804
9208,4.052437395
9209,3.965497749
9210,4.654909217
9211,2.848831687
9212,3.972816122
9213,3.950039574
9214,4.206364802
9215,4.266219868
9216,4.160545514
9217,3.664123101
9218,4.112640725
9219,4.312719806
9220,3.999510055
9221,4.164801281
9222,3.302866316
9223,3.986833906
9224,3.145237487
9225,3.603707206
9226,4.157928158
9227,1.837267505
9228,3.220058382
9229,3.470934906
9230,4.150206893
9231,3.725635181
9232,3.936638177
9233,4.397355715
9234,4.060814697
9235,2.532674977
9236,4.018780947
9237,3.941437143
9238,3.779752977
9239,3.713199078
9240,3.980704407
9241,4.746795469
9242,4.05762757
9243,4.418983899
9244,3.568632629
9245,3.46742157
9246,4.252086107
9247,3.932400113
9248,4.524932754
9249,4.063363489
9250,4.201768988
9251,2.967176268
9252,4.816563535
9253,3.419857102
9254,3.79663991
9255,4.304934734
9256,4.042222371
9257,4.025741777
9258,3.72057696
9259,4.08584402
9260,3.956142688
9261,4.119210765
9262,3.833465736
9263,3.161303359
9264,3.470062478
9265,4.295698024
9266,3.669518695
9267,3.553397992
9268,4.336520749
9269,3.838328663
9270,4.649690922
9271,4.612267115
9272,4.180961629
9273,3.585791073
9274,2.559550034
9275,4.409575799
9276,4.277714711
9277,3.826222789
9278,3.374045655
9279,4.281322517
9280,3.277403818
9281,4.092468847
9282,4.188803451
9283,3.671811187
9284,4.456872305
9285,3.647537946
9286,3.877801882
9287,4.365950849
9288,2.546557775
9289,3.578611215
9290,3.497816303
9291,4.257918874
9292,3.328613544
9293,3.33761352
9294,3.869443402
9295,2.458974212
9296,4.572595581
9297,3.894792309
9298,3.391644089
9299,3.019973046
9300,3.89231822
9301,4.271150407
9302,4.173867045
9303,4.516649069
9304,3.140198883
9305,4.154538461
9306,3.970813792
9307,3.894620128
9308,4.192526234
9309,4.058704949
9310,2.958874389
9311,4.375369206
9312,2.786678398
9313,4.657928281
9314,3.764348644
9315,3.537853807
9316,4.104502074
9317,3.95430285
9318,3.51018976
9319,4.164424411
9320,3.85932766
9321,4.325052841
9322,3.948277944
9323,3.721145237
9324,3.242513828
9325,3.4352712
9326,3.715752115
9327,4.650632054
9328,3.079023965
9329,3.879171765
9330,3.49149477
9331,3.807423755
9332,4.20429402
9333,3.973845078
9334,3.691353449
9335,3.803347123
9336,3.659367793
9337,4.078186415
9338,4.271506274
9339,4.032545095
9340,4.130865316
9341,2.673995991
9342,3.910965825
9343,3.695464247
9344,3.770583868
9345,3.38186702
9346,3.678372497
9347,3.512466689
9348,3.389109746
9349,3.878081159
9350,3.568046398
9351,3.998636158
9352,4.010200595
9353,3.403470887
9354,3.923724867
9355,4.346698744
9356,3.880181125
9357,4.270250157
9358,4.049726574
9359,3.565514419
9360,2.501214175
9361,4.005567786
9362,4.106265155
9363,4.009689557
9364,3.289335294
9365,3.3605918
9366,4.224688309
9367,4.273042942
9368,4.944172295
9369,4.096902745
9370,4.311123004
9371,3.902113147
9372,4.010253962
9373,3.987717233
9374,3.406208429
9375,3.895688963
9376,3.676683745
9377,3.989563652
9378,3.745196095
9379,4.405600073
9380,3.799568069
9381,4.096127146
9382,4.310948725
9383,3.440206399
9384,4.138912375
9385,3.925540806
9386,4.517896574
9387,4.114537574
9388,4.228442715
9389,4.284178741
9390,3.933338154
9391,2.750436612
9392,3.516091801
9393,4.263986622
9394,4.248072985
9395,3.480391845
9396,3.815588099
9397,4.20406212
9398,3.57354795
9399,3.410768362
9400,3.983693682
9401,3.897898311
9402,3.919786449
9403,4.436288406
9404,3.644919004
9405,4.202369637
9406,3.807328708
9407,2.823583261
9408,4.325154452
9409,3.98906325
9410,3.96092278
9411,4.137632847
9412,3.065474803
9413,4.18256647
9414,4.16102847
9415,3.73172164
9416,3.436368961
9417,3.73144542
9418,4.307364073
9419,3.235682029
9420,4.233621105
9421,4.427497406
9422,3.985910065
9423,3.596650154
9424,3.126980925
9425,3.772143281
9426,3.581585868
9427,3.909490415
9428,3.942784236
9429,3.299220544
9430,3.045645525
9431,3.334570462
9432,3.803515873
9433,3.953724535
9434,3.411356916
9435,3.516782758
9436,3.574205165
9437,3.540419719
9438,3.722990205
9439,3.866084666
9440,3.314304116
9441,4.178483696
9442,3.531236948
9443,4.304870605
9444,4.086439219
9445,4.154787736
9446,4.54290874
9447,3.758561873
9448,4.063506504
9449,4.262628563
9450,3.122545562
9451,4.288225716
9452,4.38095145
9453,4.043415368
9454,4.022338492
9455,3.737198594
9456,3.91153308
9457,4.5973813
9458,3.868357086
9459,3.994551939
9460,4.062965439
9461,3.074302404
9462,4.091373809
9463,3.875744248
9464,3.680720699
9465,4.090459735
9466,2.916177433
9467,3.967172109
9468,4.074323088
9469,4.005677464
9470,3.95471802
9471,3.288273803
9472,3.946135238
9473,3.558347056
9474,4.234225912
9475,3.552945489
9476,4.246141403
9477,4.70324859
9478,2.954380462
9479,4.142136128
9480,4.310478275
9481,2.207771721
9482,4.20137583
9483,3.961640024
9484,4.68440572
9485,3.730297612
9486,4.116690494
9487,2.979412743
9488,4.396918814
9489,4.174985974
9490,4.262850883
9491,4.230068526
9492,3.876668439
9493,3.592122293
9494,2.448210193
9495,4.507318265
9496,3.649240545
9497,4.01650593
9498,4.233388814
9499,2.593692848
9500,3.539793911
9501,3.819462728
9502,4.310035706
9503,3.888245938
9504,3.888896601
9505,4.319703565
9506,3.699229335
9507,3.80142675
9508,3.803418252
9509,3.419086522
9510,4.062537351
9511,3.905837021
9512,4.149264585
9513,3.763325099
9514,3.643695088
9515,3.98177491
9516,4.342870338
9517,2.791407708
9518,3.80237537
9519,4.032640387
9520,4.110710373
9521,4.078396646
9522,3.500784551
9523,3.597806788
9524,3.930324445
9525,2.690339659
9526,3.674201084
9527,3.339830368
9528,3.321857772
9529,3.463774391
9530,4.192372226
9531,4.378599685
9532,2.906980909
9533,3.264106745
9534,2.61438336
9535,2.822537972
9536,4.229603424
9537,3.84720223
9538,4.300497564
9539,3.552393549
9540,2.983462773
9541,3.570271361
9542,4.307582671
9543,3.618056506
9544,3.065704108
9545,4.111495827
9546,4.032666964
9547,3.533736872
9548,4.121340859
9549,3.065387853
9550,4.317605168
9551,3.428983306
9552,3.908547452
9553,4.374844955
9554,4.007968336
9555,4.056345496
9556,3.39264222
9557,2.109739241
9558,3.822493054
9559,4.125766368
9560,3.591981066
9561,4.416944592
9562,4.354266057
9563,4.022840807
9564,3.429492679
9565,4.350611152
9566,4.226365531
9567,3.672916662
9568,4.210361507
9569,4.203423601
9570,3.880550542
9571,3.994042162
9572,3.95752461
9573,3.581597324
9574,3.772387514
9575,4.346256614
9576,4.291193639
9577,4.288724322
9578,3.892272082
9579,4.123976592
9580,4.343119738
9581,4.322052431
9582,3.401262839
9583,4.202146915
9584,2.960873723
9585,4.242132214
9586,3.594329238
9587,3.61504404
9588,3.432248812
9589,4.225094878
9590,4.614922718
9591,3.421224153
9592,3.880993504
9593,3.948322671
9594,3.966807653
9595,3.996265692
9596,3.853834291
9597,3.898692806
9598,3.870502638
9599,2.59239404
9600,4.445004247
9601,4.399963008
9602,4.157034416
9603,4.300234435
9604,3.536728453
9605,3.83369008
9606,4.368144502
9607,3.868036059
9608,3.463991038
9609,3.965180243
9610,3.727982389
9611,3.583461774
9612,3.792577811
9613,4.375419308
9614,4.081247724
9615,4.175408561
9616,4.080373116
9617,3.806539559
9618,4.008079431
9619,3.812462002
9620,4.045948053
9621,3.793804227
9622,3.254720723
9623,4.026383673
9624,4.103624262
9625,3.995140908
9626,4.429636578
9627,4.088024727
9628,3.964015431
9629,3.793605113
9630,3.897591561
9631,4.286691325
9632,3.727616288
9633,4.458740373
9634,3.80805201
9635,2.259207452
9636,3.43010588
9637,2.972670835
9638,3.850756837
9639,4.086988674
9640,4.109598883
9641,4.183341592
9642,3.674620137
9643,4.065273565
9644,4.067379844
9645,3.741544855
9646,4.783811641
9647,3.506676289
9648,3.980798256
9649,4.686472748
9650,3.540233314
9651,3.966082674
9652,3.839276433
9653,3.908669239
9654,4.110587039
9655,3.880403305
9656,3.614448635
9657,4.234402868
9658,4.11617597
9659,3.915664549
9660,4.201780751
9661,4.121787582
9662,4.210176111
9663,4.305574695
9664,4.37728081
9665,4.325772466
9666,4.199570686
9667,3.704834164
9668,3.989413389
9669,3.919880915
9670,3.705973023
9671,3.612349929
9672,3.206542293
9673,4.153168684
9674,3.460814471
9675,3.606743902
9676,4.018474009
9677,2.867221644
9678,4.177371919
9679,3.779780772
9680,4.369944816
9681,4.164378156
9682,3.907767376
9683,4.40921985
9684,4.618138492
9685,4.13288496
9686,4.186524191
9687,3.825103465
9688,4.283780819
9689,4.184139969
9690,2.911217178
9691,4.517022313
9692,4.023074602
9693,4.058021439
9694,3.921040854
9695,3.689703144
9696,3.757043694
9697,4.644596936
9698,3.871356134
9699,3.740170543
9700,4.354712444
9701,3.693990352
9702,4.163447046
9703,3.457638593
9704,2.496034066
9705,4.782894907
9706,4.012254842
9707,4.384550797
9708,3.565618663
9709,3.911196941
9710,4.2519404
9711,4.723266712
9712,2.937177025
9713,4.073716728
9714,3.625839367
9715,3.747731762
9716,3.885990146
9717,3.841148743
9718,3.894852141
9719,4.353001017
9720,3.79812587
9721,4.15550212
9722,4.195236931
9723,3.695238092
9724,4.325936472
9725,3.854102437
9726,2.861950278
9727,2.787599398
9728,3.435320836
9729,3.052959981
9730,3.893757771
9731,4.135355483
9732,4.13962268
9733,3.828214429
9734,3.952517297
9735,4.129609721
9736,3.688897885
9737,3.92715377
9738,3.936235599
9739,3.720604543
9740,4.589075054
9741,3.991226211
9742,3.493649675
9743,3.480381445
9744,3.93677174
9745,3.967124947
9746,3.92680092
9747,3.787788539
9748,4.378388338
9749,4.305956584
9750,2.692342464
9751,4.004214395
9752,4.180661139
9753,3.648330427
9754,4.337986904
9755,3.640183258
9756,4.266234792
9757,4.265453672
9758,3.799385318
9759,4.274189974
9760,3.821005378
9761,4.323309725
9762,4.248531669
9763,4.454746136
9764,3.85817594
9765,3.845838092
9766,3.515187313
9767,4.111793676
9768,4.111976737
9769,3.475678651
9770,4.348107106
9771,3.652296476
9772,3.574597681
9773,3.404086366
9774,3.199335405
9775,3.103086068
9776,4.052382494
9777,3.891012688
9778,3.938423788
9779,4.238969099
9780,3.591599048
9781,4.189987734
9782,4.092921847
9783,3.926801327
9784,3.878347121
9785,4.062079002
9786,3.357864783
9787,3.397365362
9788,3.257888556
9789,4.406755632
9790,4.283596976
9791,3.545388352
9792,3.741639082
9793,2.811268484
9794,4.077546937
9795,4.406021308
9796,3.533975433
9797,3.636739823
9798,4.138364332
9799,4.050659843
9800,3.833812984
9801,3.818677758
9802,4.227208806
9803,4.199157696
9804,4.018253289
9805,3.781535809
9806,4.458113972
9807,4.282301481
9808,4.322873682
9809,4.244818287
9810,4.453856905
9811,3.49742007
9812,4.19086577
9813,3.850545159
9814,3.690419238
9815,3.977513832
9816,3.861645661
9817,3.922981818
9818,3.995971336
9819,4.229445196
9820,3.745943548
9821,3.746463817
9822,4.174964181
9823,3.351025835
9824,3.447559684
9825,4.442818957
9826,3.834698662
9827,4.051541468
9828,4.214809921
9829,3.960920356
9830,3.62047782
9831,4.179600231
9832,4.26951197
9833,3.909076066
9834,4.784497698
9835,4.333022191
9836,3.982306881
9837,3.817904674
9838,4.559162063
9839,3.154533018
9840,4.519316815
9841,3.532482466
9842,4.027392319
9843,4.251654959
9844,4.104470382
9845,4.097540686
9846,3.597685988
9847,3.409390114
9848,4.191759284
9849,4.08671678
9850,4.616298688
9851,4.677668541
9852,4.378254641
9853,3.133713005
9854,2.85704406
9855,3.88362181
9856,4.257458552
9857,4.195347537
9858,3.80081778
9859,4.220101751
9860,3.800519396
9861,4.25508718
9862,4.158272423
9863,4.092029346
9864,3.874546085
9865,4.00547467
9866,2.886484169
9867,3.678879239
9868,3.634386374
9869,4.270751965
9870,4.243054212
9871,4.203478121
9872,4.027792588
9873,3.503339782
9874,4.272411563
9875,4.497432695
9876,3.618617912
9877,4.173352338
9878,4.708477796
9879,3.950755912
9880,4.249375948
9881,4.009513916
9882,3.723685055
9883,3.533147292
9884,4.33983219
9885,4.107584704
9886,3.543943911
9887,4.369768859
9888,4.311255339
9889,3.898974798
9890,4.293972023
9891,3.472216249
9892,4.239864641
9893,4.695888753
9894,3.954488916
9895,4.177576961
9896,4.165101986
9897,4.050809095
9898,3.640115403
9899,4.148806572
9900,3.552364451
9901,3.570774704
9902,3.114457495
9903,4.137895773
9904,2.547018864
9905,3.903981385
9906,4.099060235
9907,4.195373002
9908,4.265063967
9909,4.004545476
9910,4.451599394
9911,3.510364517
9912,4.440390921
9913,4.239830161
9914,3.737560769
9915,4.486930077
9916,4.063774405
9917,3.013890072
9918,4.069925336
9919,4.081147441
9920,3.720394203
9921,4.116481196
9922,3.497004123
9923,4.28604819
9924,3.507373064
9925,3.680932634
9926,3.458716091
9927,3.985363052
9928,3.631660225
9929,4.172622719
9930,4.075334405
9931,3.846222711
9932,3.767608906
9933,3.90217816
9934,3.38468559
9935,2.529799149
9936,3.996587483
9937,4.314059955
9938,4.603773488
9939,3.905983183
9940,4.233747863
9941,3.35819904
9942,3.650759024
9943,4.040148282
9944,3.790333231
9945,4.919342241
9946,2.823911272
9947,4.108351633
9948,3.111582424
9949,4.365712031
9950,3.5733411
9951,3.582893342
9952,4.187244397
9953,3.911716558
9954,2.43791623
9955,3.978037632
9956,4.408879523
9957,4.360775957
9958,4.112302455
9959,4.350498421
9960,3.667093954
9961,4.386067964
9962,4.173910263
9963,2.784112032
9964,4.096859604
9965,4.139395545
9966,3.89920224
9967,4.395198332
9968,3.623752941
9969,4.479942209
9970,2.405489875
9971,3.805163123
9972,4.391355313
9973,3.832490366
9974,3.565938345
9975,4.238838271
9976,3.762097182
9977,4.317053395
9978,2.639482376
9979,3.897261452
9980,4.214835979
9981,3.988898067
9982,4.264190446
9983,3.988900826
9984,3.621884044
9985,4.131388644
9986,3.515130403
9987,4.398088958
9988,3.584948046
9989,2.70583098
9990,4.337167494
9991,3.809472566
9992,3.660884469
9993,4.008840736
9994,3.444456157
9995,3.786812346
9996,4.262174914
9997,4.276616184
9998,4.152887511
9999,3.926078534
10000,4.234616654
10001,4.353414247
10002,3.893922295
10003,3.877302587
10004,3.933908814
10005,3.610630261
10006,3.983653391
10007,2.134110001
10008,4.053128228
10009,4.323853142
10010,3.709773121
10011,3.566249049
10012,4.016518595
10013,3.706085475
10014,3.619709979
10015,4.30255331
10016,3.41350739
10017,3.830256653
10018,2.764479801
10019,2.9915772
10020,3.91294648
10021,4.338758734
10022,4.370582786
10023,4.08573972
10024,3.529494279
10025,3.913237997
10026,4.249141621
10027,3.45739542
10028,3.793579309
10029,4.67255805
10030,3.817754371
10031,3.826872775
10032,3.476988939
10033,3.959237244
10034,4.225855177
10035,3.836158138
10036,3.856219333
10037,4.31135416
10038,3.532261451
10039,4.135444215
10040,4.217691082
10041,4.469173709
10042,3.866668431
10043,4.095465159
10044,4.408713989
10045,3.933036768
10046,4.68575442
10047,3.620423224
10048,4.024640352
10049,4.399887991
10050,3.286860865
10051,4.253593444
10052,4.083923353
10053,4.067276458
10054,2.321087626
10055,2.968130998
10056,4.386079512
10057,3.741110906
10058,4.335101944
10059,3.900319947
10060,3.935325486
10061,4.304745456
10062,3.913420663
10063,3.937483901
10064,3.825750438
10065,3.507992994
10066,4.083046623
10067,3.843108113
10068,3.873514984
10069,3.777644481
10070,3.683838797
10071,4.18730634
10072,4.127083853
10073,4.002987963
10074,3.998059114
10075,3.803057647
10076,4.105644278
10077,4.102775821
10078,3.969108533
10079,4.002436364
10080,3.970289001
10081,3.972166906
10082,4.295810907
10083,3.902445202
10084,3.258135438
10085,3.755453593
10086,4.341659457
10087,4.414597354
10088,4.169321474
10089,2.282493535
10090,3.863871341
10091,4.240651221
10092,3.889196777
10093,3.973393282
10094,4.026516311
10095,4.266332859
10096,3.792374334
10097,3.670401217
10098,4.567879985
10099,3.796183924
10100,3.526268615
10101,3.488541426
10102,4.613111259
10103,4.030023851
10104,3.938768222
10105,3.964025207
10106,4.09932802
10107,3.582023449
10108,4.059782855
10109,3.937469012
10110,4.253260121
10111,4.296481548
10112,3.920663036
10113,4.1737279
10114,2.990654275
10115,4.337349465
10116,3.241727624
10117,4.722561145
10118,3.854757228
10119,3.456421077
10120,3.750816525
10121,4.117783468
10122,4.085833769
10123,3.7490407
10124,4.131433297
10125,2.576484999
10126,3.627167928
10127,3.946213312
10128,3.610274292
10129,3.983967024
10130,4.101530897
10131,4.317633723
10132,4.195370176
10133,3.650584649
10134,3.389873449
10135,3.656171489
10136,4.250088096
10137,2.840556935
10138,3.918127634
10139,3.985393215
10140,4.573007037
10141,3.930070705
10142,3.015829655
10143,4.145056485
10144,3.821457566
10145,3.997923648
10146,4.155295809
10147,4.58791351
10148,3.767380158
10149,4.054199693
10150,3.143564596
10151,4.58857799
10152,4.053081656
10153,3.691753846
10154,3.832255352
10155,3.563071884
10156,3.960274077
10157,4.008460113
10158,4.166201625
10159,3.776525205
10160,2.36998013
10161,4.150622337
10162,4.209107579
10163,4.218918912
10164,3.066254164
10165,4.579793124
10166,3.64735282
10167,3.62010784
10168,3.410333986
10169,3.674582025
10170,3.634866429
10171,3.756069463
10172,4.107201624
10173,3.985580955
10174,4.02385139
10175,4.071264891
10176,3.424356501
10177,4.153322361
10178,3.654780141
10179,3.751498888
10180,4.266105214
10181,4.032671075
10182,4.445639441
10183,3.703213649
10184,4.000690017
10185,4.414845058
10186,4.279776565
10187,3.775372462
10188,3.980655905
10189,3.754144105
10190,4.371283711
10191,3.919761419
10192,3.95322305
10193,4.326038147
10194,4.304100981
10195,4.229337404
10196,4.25082282
10197,4.370243784
10198,3.655455937
10199,3.876365893
10200,4.3323822
10201,4.43078697
10202,3.721597344
10203,4.206721618
10204,4.452225904
10205,3.540587479
10206,3.593181246
10207,4.03280402
10208,4.110700937
10209,3.249931125
10210,3.436800652
10211,3.812599633
10212,4.158270641
10213,4.17443945
10214,3.966433324
10215,3.996881692
10216,3.487391676
10217,3.897785866
10218,4.341807785
10219,3.92699055
10220,4.385202823
10221,3.717024625
10222,4.100992443
10223,3.559382129
10224,3.511287841
10225,3.984544459
10226,3.725193416
10227,3.609490127
10228,3.573136111
10229,3.805775302
10230,4.012726447
10231,3.899179644
10232,4.237128591
10233,3.716946664
10234,3.811967399
10235,3.151684677
10236,4.82440252
10237,3.302686116
10238,3.818095446
10239,4.042284926
10240,2.743076052
10241,3.933035732
10242,4.114671151
10243,3.954340439
10244,3.851875946
10245,4.276608597
10246,4.353828318
10247,4.268606458
10248,3.598400306
10249,4.200148285
10250,3.559475224
10251,3.835000208
10252,4.169745219
10253,3.914626334
10254,3.663599358
10255,4.136886712
10256,3.701156381
10257,4.134038886
10258,4.213157246
10259,3.906561722
10260,4.082804091
10261,3.786851845
10262,3.777730759
10263,2.646807127
10264,4.288079709
10265,3.792986081
10266,3.877660482
10267,3.755099213
10268,4.246125793
10269,4.422558441
10270,3.403621113
10271,2.830014262
10272,4.265238299
10273,4.050428795
10274,3.970101963
10275,3.755411664
10276,4.295551261
10277,4.485468706
10278,4.380080215
10279,4.016232705
10280,4.187763848
10281,4.350278106
10282,3.765280679
10283,3.816563913
10284,4.293436452
10285,4.771183647
10286,4.510319296
10287,3.039778269
10288,3.896449862
10289,4.214449962
10290,3.606092346
10291,4.070113186
10292,4.28600627
10293,3.743003649
10294,3.86264989
10295,4.230622319
10296,4.416260507
10297,3.637181331
10298,3.505646268
10299,4.081772127
10300,3.920061096
10301,4.18823956
10302,4.382476465
10303,3.27304451
10304,4.229042559
10305,4.267111936
10306,3.693135652
10307,3.906251804
10308,4.124312217
10309,3.968352314
10310,2.780863357
10311,3.833618084
10312,3.272140522
10313,3.881168861
10314,4.429346045
10315,3.952911217
10316,4.008786556
10317,4.003378503
10318,3.738287098
10319,4.373726903
10320,3.875657
10321,4.05868001
10322,4.109209218
10323,4.270557187
10324,4.128938021
10325,3.715337545
10326,3.788039318
10327,3.830760515
10328,4.062078939
10329,3.461782139
10330,3.7310946
10331,4.067082564
10332,3.953487964
10333,3.754815483
10334,3.698175812
10335,4.362200564
10336,3.986861134
10337,4.388717432
10338,2.674145075
10339,4.484350984
10340,4.025460728
10341,4.431092083
10342,3.797233686
10343,4.327766852
10344,3.276037122
10345,3.1873261
10346,3.69002554
10347,4.04581292
10348,3.39222403
10349,4.29923325
10350,3.346779645
10351,3.511918168
10352,4.166002286
10353,3.372424494
10354,4.335669341
10355,3.805352826
10356,2.776284909
10357,4.022964838
10358,4.292214218
10359,3.185924735
10360,3.874283653
10361,3.936640043
10362,3.533046387
10363,3.938086532
10364,3.840592326
10365,3.987374539
10366,2.860009544
10367,3.42952964
10368,3.610028467
10369,3.862684343
10370,4.250887839
10371,3.744260622
10372,4.367646169
10373,4.284385188
10374,3.782327353
10375,4.015530273
10376,3.971975449
10377,4.27656287
10378,3.22359014
10379,4.166943722
10380,4.226375276
10381,4.404266039
10382,3.85221665
10383,4.394515387
10384,3.79050647
10385,3.937435321
10386,3.456441529
10387,4.626292181
10388,3.76574155
10389,4.071217219
10390,2.712981623
10391,2.699652624
10392,3.416120705
10393,4.134750928
10394,4.264935552
10395,3.966462188
10396,4.181730982
10397,4.166849349
10398,2.275519983
10399,3.401077422
10400,3.6794911
10401,4.485329467
10402,4.36119094
10403,4.586896062
10404,4.227700128
10405,4.4628699
10406,4.252450313
10407,3.459562743
10408,3.570734917
10409,4.254003888
10410,3.948065412
10411,3.993328181
10412,3.904797232
10413,3.545430886
10414,4.036144846
10415,3.730877961
10416,3.799082032
10417,2.504528546
10418,4.268896381
10419,3.665643227
10420,3.858127916
10421,3.835525709
10422,3.52891579
10423,3.954277475
10424,4.143111143
10425,3.552447938
10426,3.557873795
10427,4.35341061
10428,2.389482355
10429,4.175787148
10430,3.924729721
10431,3.920488306
10432,4.260231064
10433,4.464131819
10434,4.26986829
10435,4.201237717
10436,4.736541414
10437,3.830203357
10438,4.032108916
10439,3.783989632
10440,3.741189784
10441,3.890666401
10442,4.063334255
10443,4.249746612
10444,3.347314831
10445,3.91445576
10446,3.959672255
10447,3.772256347
10448,4.122534575
10449,4.396795713
10450,4.274116104
10451,3.674462551
10452,4.035370656
10453,3.513376541
10454,4.312401707
10455,4.056918619
10456,4.103953871
10457,4.423575762
10458,4.597883305
10459,4.322527707
10460,4.398042467
10461,3.974373166
10462,3.553690173
10463,3.934640082
10464,2.666681606
10465,4.071460306
10466,4.398945249
10467,3.960921026
10468,3.898920611
10469,4.142302802
10470,4.207565781
10471,3.698317044
10472,4.318734514
10473,4.255631042
10474,3.417854096
10475,3.93596296
10476,3.634745887
10477,4.150052361
10478,4.155536096
10479,4.581079887
10480,3.971487469
10481,3.965527007
10482,3.836577338
10483,4.481213275
10484,4.324138202
10485,4.006221655
10486,3.907372982
10487,3.033139277
10488,3.945087554
10489,4.205005466
10490,3.837834361
10491,4.00022598
10492,4.174684772
10493,3.647908416
10494,3.882060603
10495,4.186367902
10496,4.121720941
10497,4.062606317
10498,4.068146958
10499,3.978327953
10500,4.074713644
10501,4.06103814
10502,4.035809627
10503,4.166976807
10504,4.372732003
10505,4.34014362
10506,3.650290294
10507,4.323424883
10508,3.982665045
10509,3.408543857
10510,3.502704607
10511,3.431466654
10512,4.160809636
10513,2.822102765
10514,3.988396272
10515,4.126768597
10516,4.018232462
10517,4.264817729
10518,3.914924637
10519,3.998753918
10520,4.12217288
10521,4.344606863
10522,3.965299513
10523,3.99254009
10524,4.330017844
10525,3.489842474
10526,3.987274319
10527,3.612945564
10528,3.865544987
10529,3.57494534
10530,4.638508603
10531,3.967265958
10532,4.098667512
10533,3.314765091
10534,4.238569508
10535,3.644506345
10536,3.58480203
10537,3.467977261
10538,4.015701815
10539,4.617595981
10540,3.525693113
10541,3.534849197
10542,3.726464306
10543,4.197218753
10544,4.226226156
10545,3.76512796
10546,4.308525766
10547,3.617370387
10548,4.110981275
10549,4.006702366
10550,4.147883207
10551,3.621115128
10552,3.799064948
10553,4.285709265
10554,4.537771553
10555,3.87899257
10556,3.133319629
10557,3.95080403
10558,3.53476664
10559,4.186273141
10560,3.164744291
10561,3.453691088
10562,2.087372698
10563,2.72909353
10564,3.900629684
10565,3.29709948
10566,2.752854827
10567,4.260994801
10568,4.193573232
10569,3.847336803
10570,3.323921899
10571,3.344914729
10572,4.310474728
10573,3.90442827
10574,3.88947147
10575,3.851953669
10576,3.819750737
10577,4.481600485
10578,3.100403576
10579,3.564664014
10580,3.197730674
10581,2.987283675
10582,3.634334194
10583,4.290824952
10584,3.866102912
10585,4.100992626
10586,3.769584792
10587,4.139397452
10588,4.1229982
10589,3.901759383
10590,3.757383338
10591,4.546153513
10592,3.876655113
10593,3.582376469
10594,4.292647785
10595,4.575203516
10596,4.223919502
10597,4.296451503
10598,3.264532978
10599,3.666303456
10600,4.040003884
10601,4.209691028
10602,4.227695626
10603,4.213429664
10604,4.332117677
10605,3.958561674
10606,3.889001016
10607,4.237364786
10608,4.296553223
10609,4.053950601
10610,4.043727704
10611,3.949386385
10612,4.168806903
10613,3.680029163
10614,4.15006921
10615,3.668206853
10616,2.549185952
10617,3.661409786
10618,3.747003881
10619,3.66689256
10620,4.581780578
10621,4.003823434
10622,3.982418047
10623,3.649589674
10624,3.22171906
10625,3.860326723
10626,3.465408785
10627,4.169086524
10628,4.280150265
10629,4.028560476
10630,4.36676438
10631,3.307635336
10632,4.004697956
10633,4.191505565
10634,4.497348862
10635,4.20385275
10636,3.628215415
10637,4.329380917
10638,4.18337976
10639,3.095944547
10640,4.394361711
10641,4.02305785
10642,3.304695317
10643,3.576516429
10644,4.22026164
10645,3.901715557
10646,3.565570272
10647,4.25487632
10648,4.075343017
10649,4.074699481
10650,4.093916911
10651,4.171015276
10652,2.941610943
10653,3.884651215
10654,2.609386853
10655,3.500395158
10656,4.183055626
10657,3.927648592
10658,4.222162249
10659,3.409317125
10660,4.262522903
10661,3.776312096
10662,3.974324389
10663,4.138220923
10664,4.021570838
10665,2.496023889
10666,3.799941367
10667,3.870482524
10668,4.001735719
10669,1.753517373
10670,4.449343321
10671,3.434000907
10672,3.877981416
10673,4.095991255
10674,4.046777804
10675,3.778627123
10676,3.418672416
10677,4.59807922
10678,4.273012126
10679,3.868621847
10680,3.649025005
10681,4.117127732
10682,3.828832672
10683,4.436607859
10684,3.800243342
10685,3.644311264
10686,3.698632981
10687,4.074976936
10688,1.965109439
10689,3.624420618
10690,3.163098006
10691,4.266729402
10692,4.369647842
10693,3.583100651
10694,3.466356221
10695,4.15792961
10696,3.996223476
10697,3.864012196
10698,3.923713609
10699,4.207356212
10700,4.042227367
10701,4.190661758
10702,3.872484475
10703,3.852754881
10704,4.126818173
10705,3.808879594
10706,4.060203832
10707,4.036833691
10708,4.135094693
10709,4.522991675
10710,3.733657502
10711,3.681343829
10712,2.244586638
10713,4.190721825
10714,3.862067262
10715,3.921874861
10716,4.958339697
10717,3.876943259
10718,3.9381461
10719,4.11107807
10720,3.777452659
10721,3.891184581
10722,4.066039952
10723,3.990553607
10724,2.70209162
10725,3.784435881
10726,4.442111287
10727,3.908492689
10728,4.090886096
10729,3.7503881
10730,4.579979863
10731,3.939074731
10732,4.476817087
10733,2.967787518
10734,3.849850917
10735,4.165871181
10736,2.848886471
10737,3.785614564
10738,4.425686231
10739,4.276815198
10740,3.996099522
10741,2.915178595
10742,3.552823442
10743,3.80516429
10744,4.117738847
10745,2.244064448
10746,4.107842496
10747,4.204310871
10748,4.084000632
10749,3.914013813
10750,4.021982833
10751,3.866002744
10752,4.34523933
10753,4.305174942
10754,4.129653577
10755,3.952200682
10756,3.928177237
10757,4.035646392
10758,3.382687185
10759,4.094489281
10760,3.843006497
10761,4.186643399
10762,3.426648371
10763,4.042778317
10764,4.269778366
10765,4.000526777
10766,3.64962535
10767,4.56707326
10768,4.346158802
10769,4.070586478
10770,2.079873669
10771,3.968308093
10772,3.616157526
10773,4.075315466
10774,3.598218968
10775,3.484548095
10776,3.633111244
10777,4.443807538
10778,4.193852495
10779,3.352880918
10780,3.958067462
10781,3.655429124
10782,3.877028934
10783,4.154974502
10784,3.602063238
10785,3.491616826
10786,4.027347021
10787,4.744535681
10788,4.520088381
10789,3.615182613
10790,3.800368789
10791,3.532739708
10792,4.270704632
10793,3.496206781
10794,3.972713483
10795,4.055670208
10796,3.168583645
10797,2.649502585
10798,3.962776803
10799,3.745675056
10800,4.392460554
10801,3.754694709
10802,3.377544598
10803,4.088975792
10804,3.849481472
10805,4.238411812
10806,3.971459743
10807,3.632373651
10808,3.639907327
10809,3.989190138
10810,4.211224578
10811,4.185168646
10812,4.372564946
10813,3.954716921
10814,4.021039573
10815,4.169277747
10816,4.324247758
10817,3.812643557
10818,2.61895502
10819,4.078536814
10820,3.79510724
10821,3.697619525
10822,4.318486125
10823,4.363232058
10824,4.774145463
10825,3.577362564
10826,3.918506498
10827,3.702086495
10828,3.799920824
10829,4.303737337
10830,3.757766036
10831,3.968874628
10832,3.91378726
10833,4.252911366
10834,2.698924533
10835,3.535923488
10836,3.472191914
10837,4.16361765
10838,3.495231166
10839,3.67399626
10840,3.992821857
10841,4.359301623
10842,3.754891061
10843,3.682091379
10844,4.159341343
10845,4.120851191
10846,2.356991365
10847,3.797457237
10848,3.332049837
10849,4.275367401
10850,4.003676303
10851,3.856696725
10852,3.882024714
10853,4.130499075
10854,2.599521632
10855,3.871672119
10856,4.242423368
10857,4.001692766
10858,4.265737759
10859,4.018035419
10860,4.185124602
10861,4.334183625
10862,3.987137585
10863,3.656009348
10864,3.88567505
10865,3.642343909
10866,4.586455328
10867,4.062674995
10868,3.551862853
10869,3.573498445
10870,3.815716858
10871,3.797863133
10872,3.640007486
10873,4.298697054
10874,3.646521947
10875,4.326008419
10876,3.585929158
10877,3.815088986
10878,4.383229934
10879,3.849870497
10880,4.039891901
10881,3.943661343
10882,4.137754601
10883,4.555909025
10884,4.732670462
10885,4.009894951
10886,4.083961266
10887,3.496650261
10888,3.649637732
10889,4.158501557
10890,2.632895206
10891,4.418161963
10892,4.297029458
10893,4.177094023
10894,3.999279009
10895,4.530241799
10896,4.224951263
10897,3.964446658
10898,3.617872272
10899,3.37536087
10900,4.199672505
10901,4.196257623
10902,4.091370676
10903,3.820512606
10904,3.875027257
10905,3.802776235
10906,3.455198586
10907,3.851355892
10908,4.092900478
10909,3.716398435
10910,4.648815835
10911,4.020432831
10912,3.659704686
10913,3.929065085
10914,4.258720257
10915,3.51096141
10916,3.950308356
10917,4.432281309
10918,3.360002774
10919,3.726435533
10920,4.001601937
10921,3.371157736
10922,3.95670171
10923,4.435855336
10924,3.866147235
10925,4.043220409
10926,2.414416261
10927,3.780303554
10928,4.004267952
10929,4.363400105
10930,4.231287604
10931,3.892319286
10932,3.970958534
10933,3.397400117
10934,4.122455852
10935,2.83006736
10936,4.046359748
10937,3.508104149
10938,3.101086808
10939,4.545192204
10940,3.828421501
10941,4.098606787
10942,3.827653327
10943,3.678286158
10944,2.717000869
10945,2.479182664
10946,3.896344777
10947,4.347024832
10948,3.846245764
10949,4.42784133
10950,4.115640593
10951,3.870161209
10952,4.086710243
10953,3.719591378
10954,3.772498601
10955,3.586574696
10956,3.709841161
10957,3.860333687
10958,4.360600137
10959,4.109724775
10960,4.137435723
10961,4.138022186
10962,3.999449266
10963,3.621236224
10964,4.44137968
10965,3.567386255
10966,3.989609472
10967,3.906746074
10968,4.813859042
