,id,pred
0,5653,3.4093865156173706
1,4041,2.6846800446510315
2,7033,2.9425078630447388
3,282,2.9555744528770447
4,471,3.4891422390937805
5,4360,3.0626420378684998
6,4212,3.286544620990753
7,5975,3.294931173324585
8,7821,1.322501763701439
9,7461,3.359007716178894
10,4759,2.78748220205307
11,7449,2.961820900440216
12,78,3.1316052675247192
13,319,3.384926676750183
14,4584,3.03142511844635
15,4654,3.3168317675590515
16,6177,2.2792302072048187
17,7219,3.0072916746139526
18,572,2.604344666004181
19,3181,3.2488529682159424
20,3274,3.047848165035248
21,6175,3.069717526435852
22,412,2.728650987148285
23,2407,3.3486258387565613
24,65,2.4864718914031982
25,6187,2.7999494075775146
26,5524,2.547736704349518
27,4236,3.3138257265090942
28,5932,2.9004311561584473
29,7110,3.328570604324341
30,29,2.5197302401065826
31,7,2.261339098215103
32,7519,3.2417072057724
33,2117,3.357082426548004
34,5475,2.97570264339447
35,6783,2.2607315480709076
36,1914,3.3059672117233276
37,2314,3.2158519625663757
38,6602,2.8056753873825073
39,2941,2.8487622141838074
40,1411,3.3906003832817078
41,113,2.2187542021274567
42,1611,2.499506026506424
43,5700,3.149203896522522
44,1218,3.2288944721221924
45,4896,3.355787992477417
46,5561,3.106863021850586
47,4660,2.8696425557136536
48,4514,3.1862911581993103
49,148,3.2629315853118896
50,4948,3.419372260570526
51,6051,2.9847999215126038
52,910,3.2784316539764404
53,1883,3.1167569160461426
54,2546,3.4381884336471558
55,611,2.4663107693195343
56,3644,2.7723763585090637
57,373,3.3165568709373474
58,5054,2.8186534643173218
59,1353,3.522389531135559
60,1635,2.8742207288742065
61,5203,3.564253509044647
62,4908,2.577241212129593
63,3042,2.0245740115642548
64,1277,2.997448146343231
65,2754,2.549877494573593
66,527,1.9987666010856628
67,7525,3.074346959590912
68,2185,3.4050374627113342
69,4204,3.0496540665626526
70,6169,2.1157160699367523
71,7007,1.6432363390922546
72,6055,2.6447907090187073
73,5088,2.7906493544578552
74,4904,2.3975005447864532
75,4476,2.968848705291748
76,2851,3.359565496444702
77,6467,2.5018125474452972
78,5258,2.6962584257125854
79,7442,3.1494084000587463
80,7325,3.4169671535491943
81,3871,3.306699216365814
82,2178,3.18374902009964
83,5684,3.1788673996925354
84,5016,3.2600287199020386
85,4716,3.3726505041122437
86,3340,3.329615890979767
87,4667,2.7172587513923645
88,7210,3.1076462268829346
89,2460,3.1973167657852173
90,1874,2.911150336265564
91,3114,3.750552237033844
92,7964,3.0856979489326477
93,3655,2.4377470314502716
94,3403,3.339187800884247
95,7211,2.84836208820343
96,3949,3.291530728340149
97,5107,1.333574116230011
98,5442,3.007061541080475
99,534,2.8804068565368652
100,5348,3.5424500107765198
101,2402,3.0251057744026184
102,7690,2.138476073741913
103,7444,2.793516993522644
104,5766,2.741536557674408
105,1412,3.127004325389862
106,6438,3.043537199497223
107,4220,3.8320953845977783
108,3881,3.2090446949005127
109,5160,3.0593551993370056
110,1459,3.5038623809814453
111,6476,2.6654722690582275
112,6843,2.948764383792877
113,1895,3.116322636604309
114,1633,3.670425057411194
115,3818,3.2931803464889526
116,7392,2.85971462726593
117,3802,2.9657784700393677
118,5213,3.1187028884887695
119,4501,3.2521297931671143
120,6097,2.5207382142543793
121,7828,3.0243252515792847
122,4659,3.0937666296958923
123,7126,1.8828265964984894
124,3782,3.003391146659851
125,6508,2.9801615476608276
126,3826,3.46826708316803
127,7127,2.955865740776062
128,696,2.4927170872688293
129,4010,3.4227970242500305
130,5269,2.9317001700401306
131,929,3.329058825969696
132,946,3.0953693985939026
133,4228,3.1741549968719482
134,2927,2.9779423475265503
135,297,2.597425699234009
136,443,1.6500655114650726
137,1537,3.0541398525238037
138,6196,3.16561496257782
139,1425,2.40616774559021
140,4022,3.0371732115745544
141,3684,3.562384605407715
142,4968,3.0469778180122375
143,800,3.033457040786743
144,5809,2.9396628737449646
145,4987,2.9814255237579346
146,3663,2.9390978813171387
147,438,3.069524884223938
148,2759,2.0612293779850006
149,3060,2.7891147136688232
150,3421,2.2547662258148193
151,2363,3.140394866466522
152,7040,2.87371289730072
153,6059,2.470739930868149
154,7967,2.856870949268341
155,4852,2.2484836280345917
156,7536,2.740877330303192
157,7961,2.7228970527648926
158,999,3.0676687359809875
159,165,3.0054763555526733
160,1379,2.2049713730812073
161,7135,2.5810568928718567
162,760,2.8758548498153687
163,5055,1.8700832426548004
164,1507,3.1382680535316467
165,1087,2.6111263036727905
166,5042,2.923977851867676
167,2702,2.502651333808899
168,5349,2.8127928376197815
169,7217,3.110382080078125
170,3391,2.5522988736629486
171,7958,3.026819944381714
172,1595,2.906842529773712
173,692,2.7616352438926697
174,1589,3.6716423630714417
175,5888,3.1543991565704346
176,3952,3.4938800930976868
177,5830,3.094534397125244
178,3527,2.6711743474006653
179,4622,2.5689883828163147
180,201,2.674568295478821
181,6772,3.7085805535316467
182,2340,2.8329883813858032
183,602,2.025665283203125
184,3363,2.9162500500679016
185,5993,3.457371473312378
186,2187,2.535878986120224
187,25,2.9119074940681458
188,7249,2.6847108602523804
189,4570,2.7116918563842773
190,307,3.4330139756202698
191,5533,2.57911217212677
192,4253,2.1157461404800415
193,5401,2.8204575181007385
194,4498,3.266969382762909
195,934,2.4384732842445374
196,803,2.8223990201950073
197,6946,3.3023455142974854
198,3902,1.834116280078888
199,6068,2.5034690499305725
200,1149,2.635700225830078
201,3519,3.120688259601593
202,7513,3.1414074301719666
203,3306,3.1372240781784058
204,5398,3.269879102706909
205,769,2.5157379806041718
206,7279,3.145410120487213
207,4825,3.0696333050727844
208,5972,3.1800649762153625
209,354,1.9726302921772003
210,7294,3.23140150308609
211,7959,3.3606662154197693
212,707,2.855643153190613
213,1232,2.177808314561844
214,6883,3.172172725200653
215,7656,2.976841628551483
216,7418,2.117755562067032
217,6555,1.5043542087078094
218,6786,2.9603941440582275
219,1620,3.0625900626182556
220,5883,3.069677770137787
221,1224,2.8024824261665344
222,6707,2.97646564245224
223,7426,3.020427882671356
224,7114,2.346245765686035
225,807,2.3285742700099945
226,249,2.3642226457595825
227,7083,3.7676573991775513
228,7573,2.972610294818878
229,6232,3.442396342754364
230,6809,2.6416852474212646
231,6244,3.4069376587867737
232,6212,2.72813081741333
233,5758,2.733687996864319
234,3578,3.368616044521332
235,2714,2.9181137681007385
236,291,2.953672468662262
237,276,3.280139148235321
238,1329,3.1205909848213196
239,2158,2.767761528491974
240,6586,2.864446997642517
241,5618,2.3914439976215363
242,3999,2.0248275995254517
243,736,2.849712371826172
244,2980,1.844637155532837
245,5866,2.6952730417251587
246,6153,2.9647149443626404
247,1956,2.71952086687088
248,2829,2.9831498861312866
249,903,2.4287829101085663
250,6354,2.3035831451416016
251,5395,3.0655460357666016
252,2764,1.666014403104782
253,5014,2.5669719874858856
254,5861,2.9704777598381042
255,4788,2.131886065006256
256,7003,2.913252532482147
257,7201,3.0166959166526794
258,6739,2.721125066280365
259,7061,3.013209104537964
260,5990,2.933839440345764
261,6363,3.186942160129547
262,5526,3.3566704392433167
263,3044,3.1156911849975586
264,3087,2.6861190795898438
265,6116,1.785544604063034
266,3292,2.9670569896698
267,6123,2.451006054878235
268,7250,3.070229649543762
269,6520,3.221681237220764
270,6118,2.7166715264320374
271,4664,3.019083797931671
272,5031,2.1578056812286377
273,499,2.2537796199321747
274,5603,3.135399878025055
275,519,2.620127558708191
276,2542,3.1297607421875
277,233,3.2336009740829468
278,6089,2.7316328287124634
279,7423,2.5020428597927094
280,2803,2.8337318301200867
281,5204,3.204020142555237
282,1596,2.826370656490326
283,2857,3.264193892478943
284,5299,2.8432306051254272
285,1090,2.7789276838302612
286,18,2.3968780636787415
287,7991,3.0136407017707825
288,3938,3.236729681491852
289,4603,3.1727563738822937
290,7667,2.0056959986686707
291,943,3.1945852637290955
292,846,3.0425198674201965
293,1197,2.2598047256469727
294,7172,3.0715927481651306
295,571,2.8824187517166138
296,878,2.6781530380249023
297,2147,2.923612654209137
298,5712,3.7986247539520264
299,3841,2.7221277952194214
300,7768,3.1529377102851868
301,1944,3.1178207993507385
302,5741,3.0489662885665894
303,6766,3.0515729188919067
304,5009,3.2767093181610107
305,5599,2.873526155948639
306,4488,1.4601939022541046
307,1837,2.9665939807891846
308,4589,3.4424760937690735
309,3720,2.6128792762756348
310,6170,2.5924063622951508
311,4451,2.90051805973053
312,3637,2.9789114594459534
313,3734,2.704250752925873
314,7441,2.8729424476623535
315,5474,2.747571647167206
316,4980,3.37382572889328
317,2793,3.422769606113434
318,6115,3.359009087085724
319,2281,2.8417009115219116
320,1271,1.7418107986450195
321,1451,3.2469505667686462
322,3559,3.1479904651641846
323,5892,2.8324190974235535
324,7730,3.254786252975464
325,1012,2.505109876394272
326,1805,3.246715545654297
327,7454,2.985304594039917
328,2778,2.340571105480194
329,6540,3.630154311656952
330,2108,2.4259665310382843
331,3615,2.747715950012207
332,923,2.865637242794037
333,6519,3.225652575492859
334,5922,2.5307378470897675
335,948,3.0741546750068665
336,3664,2.642176926136017
337,7933,2.9398710131645203
338,4216,3.306376874446869
339,1741,2.5371925830841064
340,3066,2.2785338759422302
341,4221,2.5994096398353577
342,6431,3.0302048921585083
343,1401,2.8821053504943848
344,5162,1.765005499124527
345,5456,2.8858490586280823
346,3007,3.334546744823456
347,6904,3.1290793418884277
348,3739,3.029984414577484
349,4467,2.9221907258033752
350,5363,2.8283073902130127
351,5392,3.304267942905426
352,4730,2.562511622905731
353,5997,3.5973072052001953
354,4649,3.2619680166244507
355,3995,2.162283480167389
356,555,2.7432227730751038
357,3261,2.514226347208023
358,1138,3.1075419187545776
359,2361,2.871777832508087
360,2156,2.989261507987976
361,6562,3.349090099334717
362,4112,3.2041358947753906
363,3375,2.7709768414497375
364,3997,2.96903133392334
365,7572,2.8800836205482483
366,4859,3.1096500754356384
367,3328,3.0333598256111145
368,2484,2.9115710854530334
369,3103,2.8480805158615112
370,639,2.9458197951316833
371,3339,2.9504056572914124
372,3683,2.9431397914886475
373,5961,2.6946293711662292
374,1558,3.14447557926178
375,5568,2.97266161441803
376,1104,3.0357327461242676
377,6621,2.6634138226509094
378,5035,2.6769274175167084
379,3225,2.5698694586753845
380,1950,1.9497547447681427
381,3379,2.7332735657691956
382,6088,2.785526990890503
383,743,2.039654105901718
384,4093,2.700444757938385
385,533,3.1395387053489685
386,7629,2.703706383705139
387,193,3.640662431716919
388,1267,3.0855668783187866
389,7548,1.8565098941326141
390,7054,2.524105042219162
391,6020,2.6259647607803345
392,7224,3.2403932213783264
393,6749,3.120821952819824
394,5707,2.5966004133224487
395,2645,2.679742395877838
396,7221,3.1779149174690247
397,1513,2.7239919304847717
398,2918,3.337734282016754
399,586,1.8776490688323975
400,7010,2.7154968976974487
401,7086,2.9641073346138
402,7151,3.045876681804657
403,1154,2.527571380138397
404,3844,2.9868423342704773
405,7842,2.5399292707443237
406,5321,3.2175524830818176
407,108,2.610895812511444
408,5180,3.0892422199249268
409,1983,3.2017481923103333
410,1662,2.8826544284820557
411,1628,3.0634164810180664
412,6309,2.3371440172195435
413,3554,3.12070369720459
414,2373,3.24460905790329
415,2124,3.030589461326599
416,2074,2.7310709357261658
417,2023,3.54522567987442
418,5659,3.038360059261322
419,1901,2.7939417362213135
420,1028,2.508360832929611
421,7998,2.8456064462661743
422,4796,3.339273154735565
423,7668,3.078682839870453
424,5852,3.444040536880493
425,3954,3.3357849717140198
426,7517,2.013612776994705
427,4187,2.8881855607032776
428,6776,2.6313390135765076
429,2396,2.6217756867408752
430,7091,2.9643072485923767
431,5239,2.081580013036728
432,7443,3.0739011764526367
433,5870,1.6363077759742737
434,817,2.3971724808216095
435,3005,3.1169931292533875
436,5316,2.8971473574638367
437,7496,3.052110195159912
438,5658,2.4102897942066193
439,2598,2.9184929728507996
440,7809,2.565367877483368
441,133,3.064898729324341
442,1829,2.623642712831497
443,1643,2.734265923500061
444,4401,3.4329219460487366
445,6818,2.942879617214203
446,548,2.2666076123714447
447,5970,2.9724887013435364
448,218,2.850980579853058
449,431,3.5197972655296326
450,4849,3.013770878314972
451,6757,3.1863308548927307
452,4149,2.6149827241897583
453,1924,2.798423171043396
454,139,2.891903579235077
455,6487,2.1603130400180817
456,2501,2.9396146535873413
457,4552,3.013003170490265
458,850,2.8637978434562683
459,3847,2.714722692966461
460,3414,3.01406192779541
461,2557,2.9971254467964172
462,8000,3.086270272731781
463,3222,2.790224075317383
464,5263,2.425816923379898
465,2488,2.9003313183784485
466,2275,2.846292018890381
467,3388,3.218880295753479
468,2090,2.991116762161255
469,4811,3.1111838817596436
470,6653,1.3763061165809631
471,1684,2.55258047580719
472,960,2.5192865431308746
473,655,2.9629141688346863
474,3351,2.1945461332798004
475,6549,3.073665499687195
476,1603,2.9422239661216736
477,6183,0.8602361530065536
478,7469,2.6272007822990417
479,530,2.6429144144058228
480,2961,3.288948714733124
481,4902,2.6515653133392334
482,6285,2.6043741106987
483,5417,2.6590012907981873
484,4884,2.3774494230747223
485,6748,3.0811038613319397
486,7685,2.9815248250961304
487,1822,3.323218047618866
488,1272,2.6606903672218323
489,4885,2.096913903951645
490,6870,3.086333215236664
491,6472,2.5522297620773315
492,1801,2.7439545392990112
493,2515,3.4035534262657166
494,111,3.0056533217430115
495,7023,2.458840489387512
496,6964,2.8162342309951782
497,1834,3.0849334001541138
498,7284,3.290540039539337
499,6462,2.7947914600372314
500,4225,3.5459532737731934
501,2868,3.599911868572235
502,1941,2.887740194797516
503,2782,2.362661898136139
504,745,2.462442934513092
505,2726,2.741752862930298
506,794,2.580536723136902
507,3582,2.6789920926094055
508,6419,2.8816967606544495
509,5045,2.539581596851349
510,1254,3.1137033700942993
511,3435,3.396979868412018
512,1148,3.995467782020569
513,1656,1.9968345761299133
514,7489,3.182952046394348
515,3797,3.0334812998771667
516,1556,2.535960555076599
517,1669,3.4506605863571167
518,624,3.6517698168754578
519,5853,2.7520002126693726
520,3385,3.3313993215560913
521,5697,2.967925190925598
522,788,3.3687261939048767
523,3287,3.3014333248138428
524,689,2.721179246902466
525,16,3.0148653388023376
526,5241,3.6462616324424744
527,1947,3.2598462104797363
528,1899,3.4117918014526367
529,3724,3.1892411708831787
530,2062,3.5817676782608032
531,3900,3.154212534427643
532,1907,3.2299934029579163
533,1198,2.244406908750534
534,6515,3.0100855827331543
535,6935,3.1988471150398254
536,5671,1.7554585635662079
537,6424,2.8393933176994324
538,6178,3.402343988418579
539,2256,3.221743404865265
540,6044,3.092139720916748
541,1213,3.0666435956954956
542,387,3.011198878288269
543,912,2.7728119492530823
544,1432,1.6265287399291992
545,7427,2.876335382461548
546,2691,2.796756386756897
547,648,2.9412967562675476
548,2061,3.020618259906769
549,7934,3.2922661304473877
550,3666,2.680891513824463
551,757,3.0060353875160217
552,5460,3.040018320083618
553,3404,2.5924291014671326
554,4936,3.0540785789489746
555,544,2.1314852237701416
556,4785,2.8352301120758057
557,573,3.244338274002075
558,4072,2.7810590863227844
559,6479,2.433865249156952
560,185,2.89764803647995
561,704,2.935149312019348
562,5792,3.0947033762931824
563,6119,3.2147812843322754
564,2828,3.090883731842041
565,7929,3.0215945839881897
566,2054,1.380442887544632
567,221,3.3658832907676697
568,7479,2.0270837545394897
569,776,3.0976978540420532
570,6080,2.473507523536682
571,280,3.4198359847068787
572,7485,2.873204827308655
573,2004,2.6892852187156677
574,170,3.1853427290916443
575,2512,2.7287193536758423
576,7283,1.517023503780365
577,2127,2.5796722769737244
578,202,2.7110710740089417
579,3299,3.3456698656082153
580,1564,2.9845672249794006
581,3003,3.224445939064026
582,3555,3.2940876483917236
583,7896,3.5072773098945618
584,4068,3.3480417728424072
585,5188,2.3676063418388367
586,7310,3.1407389044761658
587,7425,2.9047741889953613
588,6641,3.0643926858901978
589,2711,2.7972453832626343
590,6924,2.4185130894184113
591,1243,2.867838501930237
592,2106,2.4927231073379517
593,4404,2.4652159512043
594,5832,2.715507984161377
595,2564,3.4316028356552124
596,617,3.323810577392578
597,286,2.939515769481659
598,1274,3.732610762119293
599,317,2.945631682872772
600,3594,2.732114255428314
601,764,2.5549368262290955
602,2219,3.0700542330741882
603,3050,2.9841957092285156
604,7989,2.7438986897468567
605,5687,3.2806293964385986
606,6478,2.7190109491348267
607,7475,3.1213961839675903
608,7837,3.068235754966736
609,7072,3.344290792942047
610,7604,3.159147620201111
611,12,2.688778340816498
612,5996,2.8420082330703735
613,6306,3.300455629825592
614,5654,1.6300207376480103
615,4038,2.4713239073753357
616,4245,2.619726836681366
617,1763,3.4301134943962097
618,796,2.5427735447883606
619,7726,2.508349299430847
620,352,2.8442808389663696
621,360,2.527826100587845
622,2149,3.3466769456863403
623,953,2.6686986684799194
624,2379,2.5533336400985718
625,2855,3.4496405124664307
626,2842,3.0988385677337646
627,4865,3.010480225086212
628,4267,2.2763334810733795
629,7324,3.1894971132278442
630,4239,2.974782943725586
631,4678,2.664110243320465
632,1573,3.0417861938476562
633,7748,2.991259813308716
634,4024,2.3312541842460632
635,5415,2.8921640515327454
636,5550,2.544229418039322
637,3607,2.815990149974823
638,3857,2.6005842685699463
639,279,2.57344126701355
640,1721,2.5563041269779205
641,7133,1.6480672955513
642,4095,2.814133882522583
643,19,3.251843273639679
644,6429,3.429891049861908
645,4774,2.3223379254341125
646,5230,2.1335442662239075
647,3015,3.6363402009010315
648,3116,3.182545006275177
649,7157,2.76412171125412
650,1359,3.1283456683158875
651,4190,2.971423864364624
652,456,3.0867717266082764
653,576,3.267934501171112
654,7615,2.8853996992111206
655,6911,3.0845837593078613
656,6545,2.70798259973526
657,5566,2.9353912472724915
658,7341,2.982250988483429
659,3039,2.5088847875595093
660,3566,3.0164695978164673
661,81,3.030680477619171
662,2899,2.855024516582489
663,3097,3.070519208908081
664,3864,2.386071562767029
665,7447,3.2836191654205322
666,2112,2.796326160430908
667,1011,2.992332935333252
668,970,3.004589796066284
669,5806,2.967379331588745
670,2001,2.2943570017814636
671,6144,2.01485612988472
672,659,3.4061338305473328
673,6473,2.448412925004959
674,4575,3.158197283744812
675,1636,3.0537601113319397
676,7460,2.222843676805496
677,7440,3.342461884021759
678,5631,2.9420379400253296
679,6012,2.724327862262726
680,6863,2.9901012182235718
681,5623,3.8064125776290894
682,1757,2.4227943122386932
683,1617,3.506770968437195
684,5437,2.5276115238666534
685,226,3.238079071044922
686,6369,3.313835024833679
687,7607,2.4048265516757965
688,4630,3.5245630741119385
689,3552,3.1083011627197266
690,417,2.5723319053649902
691,2194,3.0952966809272766
692,6701,2.203458935022354
693,1418,2.6026789247989655
694,6723,2.6187772154808044
695,3035,1.9803538024425507
696,3922,2.7127888798713684
697,6288,3.0513615012168884
698,5982,3.0482910871505737
699,3550,3.124814510345459
700,4223,2.7353748083114624
701,6466,2.9414069652557373
702,150,1.445273295044899
703,4370,3.1443545818328857
704,7066,2.981443166732788
705,343,3.142220616340637
706,7351,2.3775864243507385
707,593,2.846616804599762
708,7689,2.9852585792541504
709,537,3.2645018696784973
710,6960,2.8199397325515747
711,2066,2.4447423815727234
712,4445,3.3968613743782043
713,4641,2.6705604791641235
714,3496,2.9288700222969055
715,2430,2.7530893683433533
716,7728,2.34550878405571
717,3543,2.3645438253879547
718,7311,3.250511884689331
719,4854,3.030868709087372
720,3200,2.654924988746643
721,615,2.811749279499054
722,4261,2.4642884731292725
723,2964,3.2533857226371765
724,3344,2.8983325958251953
725,5050,2.160317212343216
726,2681,3.0034578442573547
727,2008,2.248248040676117
728,2751,2.3669618368148804
729,6571,3.1122320890426636
730,6601,2.804896056652069
731,4853,3.0614723563194275
732,5542,2.207348197698593
733,845,2.954304814338684
734,6206,3.227359414100647
735,5033,3.193179130554199
736,4395,3.33645099401474
737,6056,3.1366093158721924
738,1407,3.160412549972534
739,1287,3.5735100507736206
740,2120,3.1650262475013733
741,1121,3.1373217701911926
742,7241,3.3464383482933044
743,4128,1.704202800989151
744,3572,2.0314869582653046
745,3732,2.913596510887146
746,7683,3.2279701232910156
747,5967,3.0035117268562317
748,2176,3.242304801940918
749,4540,2.7129857540130615
750,2055,2.95897376537323
751,5422,3.127415716648102
752,4951,2.656003415584564
753,1053,2.5671392381191254
754,7455,2.4976437091827393
755,2798,3.0231323838233948
756,2165,2.5958455204963684
757,5302,2.8576298356056213
758,6679,3.2708327770233154
759,4633,2.5293396711349487
760,5919,2.867811918258667
761,7757,2.784381687641144
762,710,2.5095139741897583
763,1992,2.94215989112854
764,1748,2.5808956623077393
765,3682,2.71218478679657
766,6550,2.6646180152893066
767,6848,2.4659683108329773
768,2475,2.441502332687378
769,7374,1.9402753114700317
770,3033,3.204997181892395
771,1022,3.3251695036888123
772,5268,3.1184906363487244
773,7574,3.143948972225189
774,7039,3.1038829684257507
775,6797,3.1735177040100098
776,6488,2.6713098287582397
777,401,4.136034429073334
778,5945,2.757288336753845
779,3356,2.661695659160614
780,7139,2.835498869419098
781,4949,3.342774450778961
782,4424,2.0899504721164703
783,3749,3.2078047394752502
784,3764,3.1304920315742493
785,7118,2.9869754314422607
786,5091,2.931646764278412
787,7919,3.02472722530365
788,5884,3.531156361103058
789,3109,2.9031177759170532
790,6577,3.3403936624526978
791,630,2.4489834010601044
792,7802,2.3003238141536713
793,3827,2.961509943008423
794,2139,2.686881422996521
795,7480,3.232016444206238
796,5129,3.7539780139923096
797,4375,2.7882903814315796
798,3777,1.8653197288513184
799,6644,2.948657214641571
800,7158,3.1285945177078247
801,1081,2.8730976581573486
802,5069,2.975586712360382
803,5667,2.320647746324539
804,1458,3.3926922082901
805,1045,3.0596442222595215
806,4917,2.420401930809021
807,6747,3.471348226070404
808,4976,2.8581929206848145
809,5337,2.8029600381851196
810,1920,3.0340773463249207
811,6311,3.1379077434539795
812,4418,1.9937866032123566
813,7824,2.7995364665985107
814,1978,2.547239303588867
815,5507,3.222357392311096
816,378,1.6049177050590515
817,6879,2.8227797746658325
818,5689,2.9855055809020996
819,1782,3.2281853556632996
820,1736,3.2775155901908875
821,4790,3.3730555176734924
822,2647,2.3707679212093353
823,3310,3.4285953640937805
824,3770,2.510315954685211
825,5019,2.987960457801819
826,1452,3.249937117099762
827,5779,2.600005567073822
828,1229,3.055142641067505
829,4295,3.1213362216949463
830,5825,2.93621563911438
831,4719,3.3017842173576355
832,3806,1.8142102360725403
833,3842,2.941870927810669
834,5057,3.2922343611717224
835,132,2.4379480481147766
836,5223,2.7672943472862244
837,7539,2.5988723635673523
838,3141,2.9357773065567017
839,7644,2.9018158316612244
840,5148,3.0996976494789124
841,5105,2.763138175010681
842,1366,2.956906259059906
843,5980,3.3205848932266235
844,5004,2.9733667969703674
845,5571,1.6517689526081085
846,4829,3.557285726070404
847,5891,3.269826829433441
848,3967,2.735880196094513
849,7693,1.90199875831604
850,3117,3.021248996257782
851,5154,2.712162435054779
852,5453,2.947003483772278
853,5683,2.9271026253700256
854,5175,2.71669340133667
855,4832,2.9084715247154236
856,6190,2.6561339497566223
857,7916,3.032064199447632
858,3971,2.8318859338760376
859,3122,2.7617533206939697
860,5245,2.4895547926425934
861,5638,1.4810149371623993
862,5955,2.4526590704917908
863,3535,2.9177836179733276
864,6071,2.6998940110206604
865,1444,2.759253680706024
866,2479,3.4879459142684937
867,1670,1.9622993171215057
868,2635,2.513404279947281
869,3057,2.39785435795784
870,7975,2.6199281811714172
871,5114,2.3161680102348328
872,4080,2.4270960986614227
873,637,2.7759510278701782
874,6047,2.888301432132721
875,1663,2.878029227256775
876,7076,2.8277336955070496
877,7549,1.7385475635528564
878,2653,2.1498444378376007
879,2949,2.4238745868206024
880,559,3.3235288858413696
881,4156,3.183771848678589
882,5109,3.1225427389144897
883,7648,1.9505638778209686
884,60,3.133676826953888
885,2774,3.2210196256637573
886,7298,2.787589728832245
887,2233,3.0739304423332214
888,2666,3.1854527592658997
889,4356,2.9259947538375854
890,2806,2.2356668412685394
891,5287,2.831173539161682
892,2812,2.976320743560791
893,4529,2.9809876680374146
894,949,2.863587737083435
895,2696,3.1328139305114746
896,4624,3.441419243812561
897,5195,3.582543969154358
898,6721,2.6803099513053894
899,1039,2.587901145219803
900,215,2.835480272769928
901,2025,2.79776668548584
902,3427,3.0249136686325073
903,2028,2.9880025386810303
904,723,2.7728992104530334
905,5733,3.450765907764435
906,6,3.3574970960617065
907,1814,2.4518310129642487
908,7161,2.6579561829566956
909,1521,2.635631710290909
910,5751,2.712851583957672
911,3776,3.0527071356773376
912,5002,3.0030331015586853
913,1792,2.6168103218078613
914,1701,2.8053503036499023
915,1913,2.974659025669098
916,3298,2.799138844013214
917,1904,3.1077173948287964
918,665,3.0908188819885254
919,5101,3.014587938785553
920,4410,2.42058989405632
921,3235,2.994810938835144
922,2534,2.9120362401008606
923,1532,3.2009655833244324
924,4413,3.1812546849250793
925,155,2.852420687675476
926,3537,3.0975600481033325
927,4335,3.020445466041565
928,5305,2.6001365780830383
929,6524,2.6315689980983734
930,569,2.6708492040634155
931,7021,3.2409398555755615
932,1688,3.2138425707817078
933,679,2.987118422985077
934,5999,3.3259947896003723
935,875,2.289653956890106
936,1040,2.919757127761841
937,3196,3.3362386226654053
938,377,1.476269781589508
939,6694,3.042297065258026
940,5265,2.8943002223968506
941,3055,2.921852707862854
942,6831,2.183150440454483
943,6220,3.061970353126526
944,734,3.3395851850509644
945,4797,2.1073611676692963
946,1511,2.0769426822662354
947,1112,2.222937226295471
948,752,3.0844815969467163
949,4536,3.1520825028419495
950,5966,3.0819647312164307
951,5208,3.266696274280548
952,6983,2.7575727701187134
953,1682,2.7121304273605347
954,5868,2.6860047578811646
955,7567,2.40687358379364
956,7968,2.2352137565612793
957,2125,1.7186053395271301
958,4306,2.7281249165534973
959,2938,2.673396944999695
960,4648,3.063647985458374
961,3095,3.0629278421401978
962,5246,2.567330628633499
963,1799,2.7384660243988037
964,6837,2.8359984159469604
965,1403,1.3691910058259964
966,2140,2.9222918152809143
967,2570,3.238918960094452
968,7585,3.102656304836273
969,7067,2.606327772140503
970,7659,2.848371207714081
971,6425,3.3697341084480286
972,3701,3.3769649267196655
973,1638,3.028010070323944
974,7801,2.2463117241859436
975,5272,2.775333821773529
976,545,3.0849913358688354
977,7544,2.5398861169815063
978,3067,2.923472285270691
979,1540,3.047669768333435
980,5274,2.6930381655693054
981,5338,3.216605484485626
982,3709,2.764658033847809
983,4317,1.774549812078476
984,2078,2.675520360469818
985,4053,3.089361250400543
986,3184,2.3916906118392944
987,3785,2.5327178835868835
988,4628,2.6627573370933533
989,6403,2.953123450279236
990,4560,3.01700896024704
991,3639,3.1084423661231995
992,2597,2.5373780727386475
993,1214,3.0148547887802124
994,2217,2.9107776880264282
995,6027,3.103175938129425
996,2068,3.093143582344055
997,5632,1.8838473856449127
998,5594,3.4032196402549744
999,1525,2.777670979499817
1000,5676,2.6434940099716187
1001,6940,2.2962425351142883
1002,6074,1.9790678024291992
1003,4030,2.943651497364044
1004,3718,1.9310146570205688
1005,365,2.9229045510292053
1006,1405,3.1212008595466614
1007,4547,3.0406206846237183
1008,921,2.4888515174388885
1009,6264,3.070657968521118
1010,4447,2.150572508573532
1011,6740,2.5736196041107178
1012,3448,2.9233351945877075
1013,3307,3.1531969904899597
1014,418,2.8099359273910522
1015,4549,2.649870991706848
1016,1749,1.5715420544147491
1017,5350,2.585564374923706
1018,1439,3.2828792929649353
1019,1388,1.7917482554912567
1020,63,2.78229296207428
1021,1729,2.761393666267395
1022,2287,2.01191583275795
1023,124,2.7388071417808533
1024,3950,2.9233644008636475
1025,7879,3.2843984365463257
1026,1664,2.9318971037864685
1027,4104,4.058299243450165
1028,5041,2.721039295196533
1029,2277,2.9755746126174927
1030,2786,3.12263685464859
1031,5485,2.696204900741577
1032,1005,3.298966109752655
1033,6414,2.850451350212097
1034,4770,3.0382041335105896
1035,4114,2.968153953552246
1036,2698,1.5143387615680695
1037,2238,2.9225342869758606
1038,1047,2.6110750436782837
1039,5560,3.3528777956962585
1040,3746,3.016022562980652
1041,3112,3.135360598564148
1042,4378,2.566581070423126
1043,7415,2.79391086101532
1044,6324,2.413983255624771
1045,799,2.4525379836559296
1046,7636,2.111035943031311
1047,1685,3.2340094447135925
1048,7708,3.3485623598098755
1049,305,2.841086983680725
1050,751,3.125959813594818
1051,2649,3.3027642369270325
1052,6950,3.0703535079956055
1053,6152,2.4106933176517487
1054,2956,2.969706952571869
1055,7481,2.4731012284755707
1056,4031,3.4018962383270264
1057,4492,2.8366664052009583
1058,4045,3.098358631134033
1059,6819,3.2535332441329956
1060,6590,2.832183361053467
1061,579,3.2700172066688538
1062,2563,2.989880323410034
1063,285,2.5410512387752533
1064,3905,2.73905748128891
1065,5251,2.9546927213668823
1066,5383,2.897545278072357
1067,2627,2.801761567592621
1068,5504,3.0921064615249634
1069,6949,2.7654258012771606
1070,6133,2.4449851512908936
1071,1968,2.5030305683612823
1072,4806,2.8229678869247437
1073,7080,2.973336160182953
1074,2263,3.33640718460083
1075,4474,2.3301990032196045
1076,2007,3.4973512291908264
1077,2435,3.1041833758354187
1078,3792,2.393480122089386
1079,7592,2.735575020313263
1080,1350,2.6123631596565247
1081,4842,2.923410713672638
1082,3034,3.231409728527069
1083,6576,2.869167983531952
1084,1145,3.331694185733795
1085,2148,2.519976407289505
1086,3411,2.6512986421585083
1087,1082,2.902750074863434
1088,2748,2.8330639004707336
1089,5153,2.3712787330150604
1090,192,2.988359570503235
1091,2096,2.9011573791503906
1092,7670,3.136648952960968
1093,517,3.071252465248108
1094,7474,2.9883726239204407
1095,862,2.782476246356964
1096,987,3.204259991645813
1097,2138,2.8878636360168457
1098,259,2.959999918937683
1099,372,2.828606963157654
1100,816,2.734892964363098
1101,2348,3.011132836341858
1102,2670,3.2661147117614746
1103,3168,2.6344687938690186
1104,3499,3.155070126056671
1105,5142,3.4544079899787903
1106,795,3.1850735545158386
1107,3466,2.8039156794548035
1108,5388,3.2318803668022156
1109,2895,3.349689245223999
1110,4585,2.4954008758068085
1111,2098,2.9882224798202515
1112,2317,3.1343954205513
1113,6368,3.2792385816574097
1114,2547,2.780877709388733
1115,3490,2.89162677526474
1116,1896,2.3418381214141846
1117,1237,3.248455584049225
1118,6640,2.6412553787231445
1119,1476,2.512871652841568
1120,6040,2.5226427912712097
1121,2593,1.8007477819919586
1122,4398,2.7290302515029907
1123,4111,3.1596656441688538
1124,7318,2.642492711544037
1125,4867,3.2424665093421936
1126,2562,2.952095687389374
1127,1255,2.892567455768585
1128,1049,2.3829135596752167
1129,7035,3.1699501872062683
1130,5301,2.757142126560211
1131,4155,3.1323183178901672
1132,5716,2.9851014018058777
1133,3300,3.02819961309433
1134,459,3.051872730255127
1135,4937,3.525086998939514
1136,3808,2.8719847202301025
1137,1514,3.2490535378456116
1138,6041,2.939059317111969
1139,5354,3.187418222427368
1140,3064,2.212546706199646
1141,6094,3.243600368499756
1142,1222,3.209864556789398
1143,1938,3.011404514312744
1144,464,2.7169876098632812
1145,7024,2.8595399856567383
1146,311,2.677199423313141
1147,235,2.9665802121162415
1148,7887,3.3623724579811096
1149,4487,3.129409968852997
1150,748,3.2579996585845947
1151,4833,2.8677417635917664
1152,7410,3.0771695375442505
1153,4457,2.951266348361969
1154,1707,2.9004955887794495
1155,6662,2.9553632140159607
1156,6499,2.965416193008423
1157,4123,3.1694321632385254
1158,1630,2.290921777486801
1159,6504,2.468418776988983
1160,3699,2.8130138516426086
1161,3296,3.249242067337036
1162,5863,3.2081592679023743
1163,3294,2.7764487862586975
1164,1618,3.1805949211120605
1165,1937,2.6745461225509644
1166,6225,2.9037938714027405
1167,5317,3.1744675040245056
1168,7558,2.4062440395355225
1169,4741,2.729099154472351
1170,2835,2.7134966254234314
1171,6986,2.942120671272278
1172,3791,2.7354257702827454
1173,3509,2.8436902165412903
1174,2831,2.2958153188228607
1175,2216,2.855815589427948
1176,3946,3.1583551168441772
1177,4815,3.134774327278137
1178,7524,2.7034600377082825
1179,7102,2.7545154094696045
1180,4539,2.3240454494953156
1181,2071,2.5330851674079895
1182,7856,3.2957820296287537
1183,6376,3.2420509457588196
1184,7951,2.3368054926395416
1185,3822,3.2381874322891235
1186,6172,2.745325982570648
1187,2628,2.328862190246582
1188,7335,3.0119734406471252
1189,3467,3.9155656695365906
1190,6026,3.1993024349212646
1191,5470,3.378239393234253
1192,6347,2.9836246371269226
1193,5285,1.9109019041061401
1194,3513,2.3517173528671265
1195,3807,2.9759079217910767
1196,6501,3.186949372291565
1197,925,3.263559341430664
1198,1538,3.0661720633506775
1199,6456,2.321981132030487
1200,2603,3.180910646915436
1201,7849,3.193981945514679
1202,1650,2.76998370885849
1203,6155,2.5677709579467773
1204,5256,2.7540299892425537
1205,7546,2.8870394229888916
1206,2221,3.3285971879959106
1207,5064,2.927463412284851
1208,4674,1.700352281332016
1209,1400,2.2298960089683533
1210,7596,2.577287018299103
1211,7490,2.4497171342372894
1212,749,2.9505998492240906
1213,4353,2.9962958693504333
1214,1753,2.5646184384822845
1215,7684,3.069112777709961
1216,4961,2.6441232562065125
1217,5483,2.425446391105652
1218,3575,2.7097980976104736
1219,6673,1.4385520666837692
1220,4167,1.8302395641803741
1221,2589,3.2949816584587097
1222,2708,3.121212422847748
1223,1378,2.9924731254577637
1224,7807,2.8415597081184387
1225,2116,3.2454697489738464
1226,2397,3.2883068323135376
1227,5828,3.1115370392799377
1228,5703,3.096126139163971
1229,4392,3.2891356348991394
1230,1995,3.0089102387428284
1231,2254,2.1954360604286194
1232,6885,3.708326756954193
1233,7698,3.1536710262298584
1234,3031,3.1507201194763184
1235,5714,2.8483486771583557
1236,2832,2.409090131521225
1237,818,2.8395655155181885
1238,5368,2.400319427251816
1239,5927,2.6421276330947876
1240,3269,2.5227191150188446
1241,780,2.846435844898224
1242,4029,3.313276708126068
1243,3998,3.3057263493537903
1244,7344,1.350193977355957
1245,4972,2.9390669465065002
1246,2833,3.1025211811065674
1247,299,2.959829270839691
1248,4870,1.9287057220935822
1249,2308,2.3255244493484497
1250,756,2.940547823905945
1251,2180,2.932889461517334
1252,4185,2.907127320766449
1253,3941,2.51849702000618
1254,4194,2.9339781999588013
1255,3253,3.0611871480941772
1256,5753,2.654109477996826
1257,774,3.2292218804359436
1258,5720,3.0276408791542053
1259,7937,3.365183651447296
1260,5754,3.2998206615448
1261,1215,2.708320915699005
1262,4838,2.2234441339969635
1263,838,3.0652068853378296
1264,2954,2.488279551267624
1265,1943,3.236501932144165
1266,5816,3.197706878185272
1267,7940,2.696786940097809
1268,1587,1.6364067494869232
1269,7992,2.7751539945602417
1270,512,3.384656012058258
1271,2573,3.0893202424049377
1272,4425,2.888853907585144
1273,810,2.763262152671814
1274,7192,2.736020267009735
1275,7045,2.7600579857826233
1276,5756,3.0145736932754517
1277,2495,3.127361834049225
1278,6858,3.485978126525879
1279,2384,2.85528963804245
1280,914,2.217629551887512
1281,5416,3.01800137758255
1282,1233,2.514869809150696
1283,5381,2.5967479944229126
1284,6066,2.85357528924942
1285,5691,3.239292323589325
1286,873,2.9013195037841797
1287,938,3.2268322706222534
1288,3858,2.8727564811706543
1289,1584,3.197141706943512
1290,5822,1.8432320058345795
1291,7703,2.467724949121475
1292,881,2.889509439468384
1293,4750,2.212360233068466
1294,5839,3.4480758905410767
1295,1750,3.7397661209106445
1296,6799,2.4918462336063385
1297,7107,3.249964714050293
1298,3026,2.978155791759491
1299,4517,3.218864142894745
1300,1866,3.3720202445983887
1301,4376,3.045687437057495
1302,2226,3.038336157798767
1303,805,3.7689319849014282
1304,2291,2.8263978958129883
1305,7537,2.9878774881362915
1306,1328,3.217003047466278
1307,4432,2.333628326654434
1308,578,3.012191414833069
1309,3484,2.5133252143859863
1310,658,2.9395140409469604
1311,1934,2.9273120760917664
1312,3936,2.82223778963089
1313,822,2.5548068284988403
1314,3763,2.982471287250519
1315,4290,3.3035122752189636
1316,3389,3.0649805068969727
1317,1318,3.0654855966567993
1318,7438,2.133759766817093
1319,1613,2.116222560405731
1320,5851,2.5293923914432526
1321,6390,2.595211237668991
1322,4043,1.3112080097198486
1323,199,2.699346661567688
1324,4386,3.0810734629631042
1325,253,3.2117007970809937
1326,2033,2.8845641016960144
1327,2441,2.941452383995056
1328,258,2.4220972061157227
1329,4753,2.602780282497406
1330,5151,3.563833475112915
1331,597,2.542496293783188
1332,5072,3.1427414417266846
1333,3593,3.135861098766327
1334,3061,3.4840392470359802
1335,1142,2.9420968890190125
1336,4473,3.056928515434265
1337,7191,3.41231632232666
1338,7994,3.3126463294029236
1339,904,3.5153666138648987
1340,3365,2.6689924001693726
1341,2338,2.6206655502319336
1342,6158,3.059134602546692
1343,3883,2.93315452337265
1344,3018,1.472804069519043
1345,7062,0.5626110807061195
1346,4523,3.6101295948028564
1347,3790,3.5651439428329468
1348,1576,2.4506892263889313
1349,2166,3.0010213255882263
1350,1106,2.776884615421295
1351,7552,3.4423751831054688
1352,2142,2.991399824619293
1353,4391,2.736584484577179
1354,5790,3.168922483921051
1355,3043,2.631362557411194
1356,3399,2.6413440704345703
1357,1245,2.178169697523117
1358,3855,3.4456639289855957
1359,5110,3.054386794567108
1360,2337,1.2777029722929
1361,7745,2.8917540311813354
1362,5788,2.5417278110980988
1363,6069,2.6580212712287903
1364,3056,2.3342905044555664
1365,5906,3.171859622001648
1366,4522,3.039333164691925
1367,755,3.0261127948760986
1368,4910,2.5133781135082245
1369,62,3.030903995037079
1370,4818,2.4745844900608063
1371,2996,2.965530812740326
1372,550,2.710338056087494
1373,2992,3.214042007923126
1374,2295,2.754785180091858
1375,3495,2.7152105569839478
1376,6984,2.3124011754989624
1377,1413,2.40857470035553
1378,3283,3.02854722738266
1379,5158,3.1079529523849487
1380,2445,3.199773848056793
1381,1835,3.1902883648872375
1382,1849,2.9762659668922424
1383,1205,3.0664719939231873
1384,7946,2.7918646335601807
1385,3377,2.885498344898224
1386,5818,2.7003725171089172
1387,42,2.811314105987549
1388,2981,3.1560109853744507
1389,1495,2.9448455572128296
1390,6343,2.8998048901557922
1391,2222,1.9499376714229584
1392,5871,3.6107534766197205
1393,7004,2.6524882912635803
1394,7433,2.7208731174468994
1395,4142,2.758305609226227
1396,7772,2.1508736312389374
1397,2508,2.6096370220184326
1398,1724,2.9841994643211365
1399,5341,2.4293888807296753
1400,6548,2.4386540949344635
1401,134,2.918265163898468
1402,4701,2.839703917503357
1403,5855,2.8736928701400757
1404,821,1.8273895978927612
1405,3302,2.9259135723114014
1406,1570,3.4788736701011658
1407,4920,2.643349766731262
1408,7000,3.130049228668213
1409,6078,2.679923117160797
1410,1567,3.207788825035095
1411,6409,2.7213088870048523
1412,1770,3.099236011505127
1413,6050,2.544650077819824
1414,6497,2.0992866456508636
1415,5898,2.336432784795761
1416,2725,3.34206223487854
1417,6181,2.672568142414093
1418,990,3.0556141138076782
1419,5621,2.864238440990448
1420,1812,2.696761965751648
1421,4047,3.8983516693115234
1422,3205,2.827232241630554
1423,7999,2.853559732437134
1424,3232,2.7628520727157593
1425,6971,3.0957239270210266
1426,1320,3.287502944469452
1427,7065,2.213685542345047
1428,7774,2.340165823698044
1429,3894,2.877895951271057
1430,4435,2.2641277611255646
1431,5312,2.6731240153312683
1432,3281,2.862020969390869
1433,5127,1.6291614770889282
1434,7391,2.342733144760132
1435,5218,3.2199628353118896
1436,5752,3.48103129863739
1437,4709,2.317812442779541
1438,5541,2.149378925561905
1439,3793,3.254968523979187
1440,4805,3.0427704453468323
1441,6736,1.8977406322956085
1442,3969,2.3664886355400085
1443,5463,2.375868648290634
1444,504,3.081852674484253
1445,2091,3.9667226672172546
1446,4265,2.962300181388855
1447,7778,3.1289438605308533
1448,5600,3.132162034511566
1449,2077,3.1916682720184326
1450,3503,2.617243230342865
1451,7146,2.9095967411994934
1452,3731,3.0608211159706116
1453,7595,2.7529322504997253
1454,2285,3.2743213772773743
1455,2320,2.6384811401367188
1456,4823,2.953444004058838
1457,898,3.3089162707328796
1458,7411,2.6068443655967712
1459,3236,2.9298723936080933
1460,7303,3.2120962142944336
1461,2742,2.92278915643692
1462,832,2.7228503823280334
1463,3386,3.07521653175354
1464,2810,3.29539555311203
1465,379,2.898159086704254
1466,145,1.9579709768295288
1467,6322,3.193197190761566
1468,991,3.073395609855652
1469,3521,2.8472172021865845
1470,4757,1.7015323042869568
1471,3627,2.8060166239738464
1472,428,3.1366688013076782
1473,1179,2.1630884408950806
1474,4064,2.8586589097976685
1475,2489,2.814023971557617
1476,6802,2.542284309864044
1477,6286,2.3797029852867126
1478,6672,2.839127779006958
1479,465,2.5800280570983887
1480,7046,1.610040545463562
1481,37,3.1394945979118347
1482,6139,2.7454010248184204
1483,2369,2.5345588326454163
1484,507,1.9963286519050598
1485,511,2.909304916858673
1486,7781,3.033965528011322
1487,2543,3.2541154623031616
1488,3396,2.8297093510627747
1489,2431,3.128063380718231
1490,7611,3.768855333328247
1491,6925,3.166516423225403
1492,7260,3.10199511051178
1493,6300,3.1863462328910828
1494,1730,2.9463862776756287
1495,7251,3.137541115283966
1496,5840,3.206994950771332
1497,7112,3.035494327545166
1498,3659,2.8564937114715576
1499,4192,3.415090501308441
1500,7134,2.308029055595398
1501,1634,2.6142387986183167
1502,6131,3.257376194000244
1503,2070,2.3874736428260803
1504,103,3.38751357793808
1505,4798,2.848658800125122
1506,6134,2.6970844864845276
1507,7049,3.204783797264099
1508,1550,3.014139175415039
1509,5089,2.6812371611595154
1510,3892,3.229713559150696
1511,7950,2.915030300617218
1512,926,3.102359175682068
1513,7510,2.502644270658493
1514,6427,2.534910708665848
1515,3126,3.16393381357193
1516,6612,3.1407042145729065
1517,4608,2.71432101726532
1518,4666,2.7929922342300415
1519,41,3.007505476474762
1520,6219,2.6639983654022217
1521,3264,3.1257428526878357
1522,200,2.723880171775818
1523,2315,3.0786232352256775
1524,1585,2.892689824104309
1525,1373,2.9183191657066345
1526,2934,2.6592438220977783
1527,2076,3.4484626054763794
1528,82,2.6263511180877686
1529,5377,2.3949368000030518
1530,1268,3.44084894657135
1531,7791,3.2009613513946533
1532,7119,2.7147249579429626
1533,5198,3.1723970770835876
1534,3373,3.3414971232414246
1535,7430,2.650753140449524
1536,728,2.418510675430298
1537,1196,2.410554885864258
1538,4711,2.838309109210968
1539,5926,2.3652540147304535
1540,3838,2.29411980509758
1541,3698,3.110468327999115
1542,6625,2.407757490873337
1543,13,2.759511113166809
1544,7799,3.141011893749237
1545,7810,1.8174829483032227
1546,2443,2.390673190355301
1547,3661,2.8854517936706543
1548,7863,2.796310782432556
1549,2519,3.1509417295455933
1550,4311,2.779574751853943
1551,762,3.2375717163085938
1552,2409,0.5814795643091202
1553,7240,3.454208016395569
1554,662,3.3966352343559265
1555,154,3.183886229991913
1556,3610,2.9803590178489685
1557,2474,3.0091972947120667
1558,6482,2.8853259086608887
1559,7705,3.516461133956909
1560,6283,3.0074501633644104
1561,1155,3.4592921137809753
1562,6663,3.469396948814392
1563,4715,2.9977625012397766
1564,4528,2.9765027165412903
1565,1606,3.3120058178901672
1566,1200,3.47530859708786
1567,985,3.099140167236328
1568,4002,2.5143359899520874
1569,1093,3.493036925792694
1570,5804,3.417548894882202
1571,7827,2.855048656463623
1572,963,3.022489309310913
1573,1940,3.263474404811859
1574,5951,2.2355073988437653
1575,6474,3.1370022892951965
1576,7626,3.2108861804008484
1577,3139,2.650138199329376
1578,1496,1.9021436870098114
1579,4384,2.9071569442749023
1580,1793,2.2435146272182465
1581,6489,3.2539767622947693
1582,2253,3.116017699241638
1583,1524,2.6941261887550354
1584,2465,2.882815897464752
1585,2511,2.6601590514183044
1586,1327,2.923953950405121
1587,2259,3.50812166929245
1588,6989,3.158262073993683
1589,5933,3.2625339031219482
1590,4443,3.1324270963668823
1591,4028,2.42824724316597
1592,6680,2.739739418029785
1593,6470,2.9062260389328003
1594,2591,3.32935494184494
1595,405,3.2982412576675415
1596,1389,3.7557654976844788
